<?xml version="1.0" encoding="utf-8"?>
<task id="task_10755238">
    <course>Pitono pamokėlės 2</course>
    <title>Figūros iš degtukų</title>
    <short>Figūros iš degtukų</short>
    <description><![CDATA[<p>Pradinėse (ir ne tik) klasėse sprendžiami uždaviniai, kuriuose prašoma sudėlioti įvairias figūras iš degtukų. Vienas uždavinių tipas susijęs su didžiausio ploto figūrų dėliojimu.</p><p>Mokytoja paruošė tiek degtukų rinkinių, kiek klasėje yra mokinių (2 &lt; mokinių skaičius &lt; 35). Kiekviename rinkinyje yra tam tikras skaičius degtukų (1 &lt; degtukų skaičius &lt; 100). Kiekvienas mokinys gavo užduotį: iš degtukų sudėlioti didžiausio ploto <strong>stačiakampį</strong>, surasti stačiakampio kraštinių ilgius ir kiek degtukų liko nepanaudota. Degtukų laužyti negalima.</p><p>Kad būtų lengviau tikrinti mokinių atliktas užduotis mokytoja sugalvojo paprašyti programuotojų pagalbos. Sukurkite programą šiam uždaviniui spręsti.</p><p>Pirmoje pradinių duomenų failo <strong>Duomenys.txt</strong> eilutėje įrašytas degtukų rinkinių skaičius. Antroje eilutėje įrašyta, po kiek degtukų yra kiekviename rinkinyje.</p><p>Rezultatų faile <strong>Rezultatai.txt</strong> turi būti tiek eilučių, kiek buvo rinkinių. Vieno rinkinio rezultatai išvedami tokia tvarka: stačiakampio plotas, trumpesniosios stačiakampio kraštinės ilgis, ilgesniosios stačiakampio kraštinės ilgis, likusių nepanaudotų degtukų skaičius.&nbsp;</p><p><strong>Reikalavimai programai</strong></p><ul><li>Reikia sukurti funkciją, kuri gražintų vieno rinkinio rezultatus: stačiakampio plotą, trumpesniosios kraštinės ilgį, ilgesniosios kraštinės ilgį, likusių nepanaudotų degtukų skaičių.</li></ul>]]></description>
    <example><![CDATA[<figure class="table" style="width:100%;"><table class="ck-table-resized"><colgroup><col style="width:57.85%;"><col style="width:42.15%;"></colgroup><tbody><tr><td><strong>Duomenys.txt &nbsp; &nbsp; &nbsp; &nbsp; &nbsp; &nbsp; &nbsp; &nbsp; &nbsp; &nbsp; &nbsp; &nbsp; &nbsp; &nbsp; &nbsp;</strong></td><td><strong>&nbsp;Rezultatai.txt &nbsp; &nbsp; &nbsp; &nbsp; &nbsp; &nbsp; &nbsp;&nbsp;</strong></td></tr><tr><td>3<br>3 5 6</td><td>0 0 0 3<br>1 1 1 1<br>2 1 2 0&nbsp;</td></tr></tbody></table></figure>]]></example>
    <skeleton><![CDATA[

]]></skeleton>
    <drops><![CDATA[]]></drops>
    <language>lt</language>
    <programming_language>python</programming_language>
    <menu_position>top</menu_position>
    <author>Tomas Blažauskas</author>
    <score>80</score>
    <show_title>1</show_title>
    <show_description>1</show_description>
    <show_examples>1</show_examples>
    <show_icons>0</show_icons>
    <small_icons>0</small_icons>
    <use_drops>0</use_drops>
    <use_hints>0</use_hints>
    <use_ai>1</use_ai>
    <use_explanations>1</use_explanations>
    <use_corrections>0</use_corrections>
    <use_reviews>0</use_reviews>
    <hints>
        
    </hints>
    <show_tests>1</show_tests>
    <show_files>1</show_files>
    <files>
        <file filename="Duomenys.txt"><![CDATA[3
3 5 6]]></file>

    </files>
    <button_new>0</button_new>
    <button_run>1</button_run>
    <button_assess>1</button_assess>
    <button_stop>1</button_stop>
    <button_clear>1</button_clear>
    <button_upload>0</button_upload>
    <button_download>0</button_download>
</task>