<?xml version="1.0" encoding="UTF-8"?>
<lom xmlns="http://ltsc.ieee.org/xsd/LOM" xmlns:xsi="http://www.w3.org/2001/XMLSchema-instance" xsi:schemaLocation="http://ltsc.ieee.org/xsd/LOM lomCustom.xsd">
	<general uniqueElementName="general">
		<identifier>
			<catalog uniqueElementName="catalog">Pitono kursas 2</catalog>
			<entry uniqueElementName="entry">4a7d755e-34a5-410a-a7d4</entry>
		</identifier>
		<title>
			<string language="en">Detalės</string>
		</title>
		<language>en</language>
		<description>
			<string language="en"><p>Pradinių duomenų failo “<strong>detales.txt</strong>” eilutėse įrašyti duomenys apie kiekvieną detalę: triženklis detalės kodas (sveikasis skaičius), tos rūšies detalių skaičius (sveikasis skaičius), detalės vieneto kaina (realusis skaičius) ir brokuotų detalių kiekis (sveikasis skaičius).&nbsp;</p><p>Parašykite programą, skaičiuojančią:</p><ol><li>kiek yra kiekvienos rūšies nebrokuotų detalių;</li><li>kiek kainavo kiekvienos rūšies nebrokuotos detalės;</li><li>kiek iš viso buvo brokuotų detalių;</li><li>kiek kainavo visos detalės (įskaitant ir brokuotas);</li><li>kiek procentų nuostolių patirs bendrovė dėl brokuotų detalių.</li></ol><p>Reikalavimai programai:</p><ul><li>Naudokite sveikųjų ir realiųjų skaičių sąrašus: sveikųjų – kiekiams ir kodams, realiųjų – detalių kainoms saugoti.</li><li>Sukurkite pradinių duomenų skaitymo funkciją. Joje į sąrašus sudėkite detalių kodus, kiekius (visų ir brokuotų) ir detalės vieneto kainas.</li><li>Sukurkite funkciją, kuri suformuotų: nebrokuotų detalių sąrašą(sveikųjų skaičių sąrašas) bei nebrokuotų ir visų detalių kainų sąrašus (realiųjų skaičių).</li><li>Sukurkite detalių kainų sumos skaičiavimo funkciją, grąžinančią apskaičiuotą sumą. Funkciją panaudokite atlikdami 4 ir 5 užduotis.&nbsp;</li><li>Sukurkite brokuotų detalių kiekio skaičiavimo funkciją, grąžinančią apskaičiuotą kiekį. Funkciją panaudokite atlikdami 3 užduotį.</li><li>Skaičiavimų rezultatus išveskite į rezultatų failą “<strong>detalesrez.txt</strong>”. Rezultatų išvedimui į failą parašykite funkciją.</li></ul><p>Rezultatų faile turi būti įrašyta: pirmosiose n eilučių – visi <strong>septyni </strong>sąrašai, po to išvedamas brokuotų detalių skaičius, pinigų suma, kurią kainavo visos detalės ir kiek procentų nuostolių patirs bendrovė dviejų ženklų po kablelio tikslumu.&nbsp;</p></string>
		</description>
		<aggregationLevel uniqueElementName="aggregationLevel">
			<source uniqueElementName="source">LOM-ESv1.0</source>
			<value uniqueElementName="value">2</value>
		</aggregationLevel>
	</general>
	<lifeCycle>
		<contribute>
			<role uniqueElementName="role">
				<source uniqueElementName="source">LOM-ESv1.0</source>
				<value uniqueElementName="value">author</value>
			</role>
			<entity>BEGIN:VCARD VERSION:3.0 FN:Tomas Blažauskas EMAIL;TYPE=INTERNET: ORG: END:VCARD</entity>
			<date>
				<dateTime uniqueElementName="dateTime">2021-01-07T16:49:22.00+02:00</dateTime>
				<description>
					<string language="lt">Metadata creation date</string>
				</description>
			</date>
		</contribute>
	</lifeCycle>
	<metaMetadata uniqueElementName="metaMetadata">
		<contribute>
			<role uniqueElementName="role">
				<source uniqueElementName="source">LOM-ESv1.0</source>
				<value uniqueElementName="value">creator</value>
			</role>
			<entity>BEGIN:VCARD VERSION:3.0 FN:Tomas Blažauskas EMAIL;TYPE=INTERNET: ORG: END:VCARD</entity>
			<date>
				<dateTime uniqueElementName="dateTime">2021-01-07T16:48:12.00+02:00</dateTime>
				<description>
					<string language="en">Metadata creation date</string>
				</description>
			</date>
		</contribute>
		<metadataSchema>LOM-ESv1.0</metadataSchema>
		<language>en</language>
	</metaMetadata>
	<technical uniqueElementName="technical">
		<otherPlatformRequirements>
			<string language="en">editor: hands</string>
		</otherPlatformRequirements>
	</technical>
	<educational>
		<intendedEndUserRole>
			<source uniqueElementName="source">LOM-ESv1.0</source>
			<value uniqueElementName="value">learner</value>
		</intendedEndUserRole>
		<context>
			<source uniqueElementName="source">LOM-ESv1.0</source>
			<value uniqueElementName="value">presencial</value>
		</context>
		<context>
			<source uniqueElementName="source">LOM-ESv1.0</source>
			<value uniqueElementName="value">classroom</value>
		</context>
		<language>en</language>
	</educational>
	<rights uniqueElementName="rights">
		<copyrightAndOtherRestrictions uniqueElementName="copyrightAndOtherRestrictions">
			<source uniqueElementName="source">LOM-ESv1.0</source>
			<value uniqueElementName="value">public domain</value>
		</copyrightAndOtherRestrictions>
		<access uniqueElementName="access">
			<accessType uniqueElementName="accessType">
				<source uniqueElementName="source">LOM-ESv1.0</source>
				<value uniqueElementName="value">universal</value>
			</accessType>
			<description>
				<string language="lt">Default</string>
			</description>
		</access>
	</rights>
</lom>