<?xml version="1.0" encoding="utf-8"?>
<task id="task_65217529">
    <course>Pitono pamokėlės 2</course>
    <title>Slidinėjimas</title>
    <short>Slidinėjimas</short>
    <description><![CDATA[<p>Justas labai mėgsta slidinėti. Šį žiemos sezoną jis nusprendė atnaujinti savo slidinėjimo įrangą – nusipirkti naujas slides ir batus. Apsilankęs parduotuvėje jis pamatė, kad slidės ir batai pardavinėjami komplektais. Justas nori sumokėti ne mažiau nei <strong>min </strong>bet ne daugiau nei <strong>max </strong>eurų, kad nusipirktų kokybišką, bet nebrangų komplektą. Parduotuvė parduoda <strong>n (n&lt;=50)</strong> skirtingų komplektų.</p><p>Sukurkite programą, kuri parodytų:</p><ul><li>Pigiausio ir brangiausio komplektų kainas, atitinkančias norimą sumą.</li><li>Komplektų, kainuojančių norimą sumą, kiekį.</li><li>Visų Justui tinkančių komplektų kainas.</li></ul><p>Pradiniai duomenys: <strong>mažiausia išleidžiama pinigų suma</strong> <strong>min</strong>, <strong>didžiausia išleidžiama pinigų max</strong>, <strong>komplektų kiekis parduotuvėje n</strong>, įrašyti tekstiniame faile <strong>Duomenys.txt</strong> vienoje eilutėje ir atskiriami tarpais. Kitose eilutėse įrašomos ir tarpu atskiriamos vieno komplekto slidžių ir batų kainos.&nbsp;</p><p>Rezultatai yra saugomi tekstiniame faile <strong>Rezultatai.txt</strong>. Į pirmą eilutę įrašomos ir tarpu atskiriamos <strong>mažiausia </strong>ir <strong>didžiausia </strong>tinkamų komplektų kainos. Antroje eilutėje – tinkamų komplektų kiekis. Trečioje eilutėje atskiriamos tarpu ir įrašomos visos tinkamų komplektų kainos.&nbsp;</p><p><strong>Reikalavimai programai</strong></p><ul><li>Naudokite sąrašus/masyvus.</li><li>Naudokite funkcijas programos struktūrizavimui.</li></ul>]]></description>
    <example><![CDATA[<figure class="table" style="width:100%;"><table class="ck-table-resized"><colgroup><col style="width:48.78%;"><col style="width:51.22%;"></colgroup><tbody><tr><td><strong>Duomenys.txt &nbsp; &nbsp; &nbsp; &nbsp; &nbsp; &nbsp; &nbsp; &nbsp; &nbsp; &nbsp; &nbsp; &nbsp; &nbsp; &nbsp; &nbsp;</strong></td><td><strong>&nbsp;Rezultatai.txt &nbsp; &nbsp; &nbsp; &nbsp; &nbsp; &nbsp; &nbsp;&nbsp;</strong></td></tr><tr><td>100 200 4<br>80 30<br>75 26<br>150 70<br>190 8&nbsp;</td><td>101 198<br>3<br>110 101 198&nbsp;</td></tr></tbody></table></figure>]]></example>
    <skeleton><![CDATA[

]]></skeleton>
    <drops><![CDATA[]]></drops>
    <language>lt</language>
    <programming_language>python</programming_language>
    <menu_position>top</menu_position>
    <author>Tomas Blažauskas</author>
    <score>80</score>
    <show_title>1</show_title>
    <show_description>1</show_description>
    <show_examples>1</show_examples>
    <show_icons>0</show_icons>
    <small_icons>0</small_icons>
    <use_drops>0</use_drops>
    <use_hints>0</use_hints>
    <use_ai>1</use_ai>
    <use_explanations>1</use_explanations>
    <use_corrections>0</use_corrections>
    <use_reviews>0</use_reviews>
    <hints>
        
    </hints>
    <show_tests>1</show_tests>
    <show_files>1</show_files>
    <files>
        <file filename="Duomenys.txt"><![CDATA[100 200 4
80 30
75 26
150 70
190 8]]></file>

    </files>
    <button_new>0</button_new>
    <button_run>1</button_run>
    <button_assess>1</button_assess>
    <button_stop>1</button_stop>
    <button_clear>1</button_clear>
    <button_upload>0</button_upload>
    <button_download>0</button_download>
</task>