<?xml version="1.0" encoding="utf-8"?>
<task id="seimynele_1">
    <title>Šeimynėlė</title>
    <short>Šeimynėlė</short>
    <description><![CDATA[<p>&Scaron;eimyną sudaro trys žmonės: tėtis, mama ir sūnus. Dabar jų metų suma <strong>87</strong>, o prie&scaron; <strong>n</strong> metų &scaron;i suma buvo <strong>60</strong>. Taip pat prie&scaron; <strong>n</strong> metų mama buvo dvigubai jaunesnė už tėtį, o po <strong>2n</strong> metų mamai bus tiek metų, kiek tėčiui dabar.&nbsp;</p>]]>
    </description>
    <example><![CDATA[<p>Atsakymas - visų &scaron;eimynėlės narių metų sandauga (vienas skaičius).</p>]]>
    </example>
    <skeleton><![CDATA[# Toliau rašykite kodą...]]>
    </skeleton>
    <author>arzinai.lt</author>
    <score>100</score>
</task>