<?xml version="1.0" encoding="utf-8"?>
<task id="surinkti_lita">
    <title>Surinkti litą</title>
    <short>Surinkti litą</short>
    <description><![CDATA[<p>Studentas Arūnas yra neturtingas studentas, todėl į universitetą važinėja mikroautobusu, o kelionė kainuoja vieną litą. Su savimi jis visuomet vežiojasi kap&scaron;elį monetų ir jomis atsiskaitinėja. Jei vairuotojas draugi&scaron;kas - duoda vieno lito monetą arba dvi po 50 centų. Jei vairuotojas paniuręs, tuomet Arūnas duoda 4 monetas (pvz. 50, 20, 20, 10) ir t.t.</p>
<p>Arūnas įsitikinęs, kad bet kokiai vairuotojo nuotaikai sugalvos atitinkamą kiekį monetų (=100) ir tam kiekiui atrinks reikiamas monetas, kad susidarytų vienas litas. Bet vieną kartą vairuotojas taip sunervavo studentą, kad jis adekvačiai pasirinktam monetų kiekiui niekaip nesugalvojo sprendimo.</p>
<p><strong>Kokiam mažiausiam dviženkliam monetų kiekiui nebus galima surinkti lygiai vieno lito, jei naudojamos 1, 5, 10, 20, 50 centų ir 1 lito monetos?&nbsp;</strong></p>]]>
    </description>
    <example><![CDATA[<p>Atsakymas - monetų kiekis (vienas skaičius).</p>]]>
    </example>
    <skeleton><![CDATA[# Toliau rašykite kodą...]]>
    </skeleton>
    <author>arzinai.lt</author>
    <score>100</score>
</task>