<?xml version="1.0" encoding="utf-8"?>
<task id="task_90027540">
    <course>Pitono pamokėlės 2</course>
    <title>Protmūšis</title>
    <short>Protmūšis</short>
    <description><![CDATA[<p>Protmūšyje dalyvauja <strong>n</strong> komandų. Kiekviena komanda turėjo atsakyti į <strong>m</strong> klausimų. Pradinių duomenų failo <strong>Duomenys.txt</strong> eilutėse (eilučių kiekis nusako komandų kiekį <strong>n</strong>) įrašytas komandos pavadinimas (jį sudaro vienas žodis) ir <strong>m</strong> sveikųjų skaičių: <strong>0</strong> – jei į klausimą komanda neatsakė, <strong>1</strong> – jei komanda į klausimą atsakė teisingai.</p><p>Parašykite programą, kuri į rezultatų failą <strong>Rezultatai.txt</strong> išvestų rezultatus, kaip pateikta pavyzdyje: nurodomas komandos pavadinimas, bei į kelis klausimus komandos atsakė teisingai ir į kelis klaidingai. Toliau faile surašomas komandų, <strong>atsakiusių į daugiau kaip pusę klausimų teisingai</strong>, sąrašas. Jei nėra tokių komandų, tuomet faile turi būti įrašytas žodis „<strong>Nėra</strong>“ (žr. 2 duomenų ir rezultatų rinkinį). &nbsp;</p><p><strong>Reikalavimai programai</strong></p><ul><li>Naudokite sąrašus/masyvus.</li><li>Naudokite funkcijas programos struktūrizavimui.</li></ul>]]></description>
    <example><![CDATA[<figure class="table" style="width:100%;"><table class="ck-table-resized"><colgroup><col style="width:48.78%;"><col style="width:51.22%;"></colgroup><tbody><tr><td><strong>Duomenys.txt &nbsp; &nbsp; &nbsp; &nbsp; &nbsp; &nbsp; &nbsp; &nbsp; &nbsp; &nbsp; &nbsp; &nbsp; &nbsp; &nbsp; &nbsp;</strong></td><td><strong>&nbsp;Rezultatai.txt &nbsp; &nbsp; &nbsp; &nbsp; &nbsp; &nbsp; &nbsp;&nbsp;</strong></td></tr><tr><td>Zalieji 1 1 1 0 1 1<br>Melynieji 0 0 1 1 1 1<br>Raudonieji 1 1 1 1 0 1<br>Geltonieji 0 0 0 1 1 1<br>Baltieji 1 1 1 1 1 1 &nbsp;</td><td>VISOS KOMANDOS:<br>Zalieji 5 1<br>Melynieji 4 2<br>Raudonieji 5 1<br>Geltonieji 3 3<br>Baltieji 6 0<br>GERIAUSIOS KOMANDOS:<br>Zalieji 5 1<br>Melynieji 4 2<br>Raudonieji 5 1<br>Baltieji 6 0 &nbsp;</td></tr><tr><td>Zalieji 0 0 1 0 1 1<br>Melynieji 0 0 1 1 0 0<br>Raudonieji 1 1 0 0 0 1<br>Geltonieji 0 0 0 1 1 1<br>Baltieji 0 0 0 0 0 0</td><td>VISOS KOMANDOS:<br>Zalieji 3 3<br>Melynieji 2 4<br>Raudonieji 3 3<br>Geltonieji 3 3<br>Baltieji 0 6<br>GERIAUSIOS KOMANDOS:<br>Nėra&nbsp;</td></tr></tbody></table></figure>]]></example>
    <skeleton><![CDATA[

]]></skeleton>
    <drops><![CDATA[]]></drops>
    <language>lt</language>
    <programming_language>python</programming_language>
    <menu_position>top</menu_position>
    <author>Tomas Blažauskas</author>
    <score>80</score>
    <show_title>1</show_title>
    <show_description>1</show_description>
    <show_examples>1</show_examples>
    <show_icons>0</show_icons>
    <small_icons>0</small_icons>
    <use_drops>0</use_drops>
    <use_hints>0</use_hints>
    <use_ai>1</use_ai>
    <use_explanations>1</use_explanations>
    <use_corrections>0</use_corrections>
    <use_reviews>0</use_reviews>
    <hints>
        
    </hints>
    <show_tests>1</show_tests>
    <show_files>1</show_files>
    <files>
        <file filename="Duomenys.txt"><![CDATA[Zalieji 1 1 1 0 1 1
Melynieji 0 0 1 1 1 1
Raudonieji 1 1 1 1 0 1
Geltonieji 0 0 0 1 1 1
Baltieji 1 1 1 1 1 1]]></file>

    </files>
    <button_new>0</button_new>
    <button_run>1</button_run>
    <button_assess>1</button_assess>
    <button_stop>1</button_stop>
    <button_clear>1</button_clear>
    <button_upload>0</button_upload>
    <button_download>0</button_download>
</task>