<?xml version="1.0" encoding="utf-8"?>
<task id="task_41630046">
    <course>Pitono pamokėlės</course>
    <title>Greitpyragis</title>
    <short>Greitpyragis</short>
    <description><![CDATA[<p>Norint iškepti skanų „greitpyragį“, norimi nuvalyti ir supjaustyti vaisiai užpilami biskvitine tešla. Mama ir dukra labiausiai mėgsta „greitpyragį“ su obuoliais arba mėlynėmis, o tėtis ir sūnus – su juodaisiais serbentais arba slyvomis. Parašykite programą, kuri įvedus sveikąjį skaičių, žymintį vaisių rūšį (1 – obuoliai, 2 – mėlynės, 3 – juodieji serbentai, 4 – slyvos), ekrane parodytų pranešimą apie tai, kuriems šeimos nariams pyragas patiks labiausiai.</p><p><i>Pasitikrinkite</i>:&nbsp;</p><ul><li>Jei 1, ekrane turi būti rodomas pranešimas: Pyragas labiausiai patiks mamai ir dukrai.</li><li>Jei 2, ekrane turi būti rodomas pranešimas: Pyragas labiausiai patiks mamai ir dukrai.</li><li>Jei 3, ekrane turi būti rodomas pranešimas: Pyragas labiausiai patiks tėčiui ir sūnui.</li><li>Jei 4, ekrane turi būti rodomas pranešimas: Pyragas labiausiai patiks tėčiui ir sūnui.&nbsp;</li></ul>]]></description>
    <example><![CDATA[<p><strong>Įvestis</strong>:</p><p>Kokie vaisiai bus naudojami? 1</p><p><strong>Išvestis</strong>:</p><p>Pyragas labiausiai patiks mamai ir dukrai.</p>]]></example>
    <skeleton><![CDATA[# Toliau rašykite kodą...
]]></skeleton>
    <drops><![CDATA[]]></drops>
    <language>lt</language>
    <menu_position>top</menu_position>
    <author>Tomas Blažauskas</author>
    <score>60</score>
    <show_title>1</show_title>
    <show_description>1</show_description>
    <show_examples>1</show_examples>
    <show_icons>0</show_icons>
    <small_icons>0</small_icons>
    <use_drops>0</use_drops>
    <use_hints>0</use_hints>
    <use_ai>1</use_ai>
    <use_explanations>1</use_explanations>
    <use_corrections>0</use_corrections>
    <use_reviews>0</use_reviews>
    <hints>
        
    </hints>
    <show_tests>1</show_tests>
    <show_files>0</show_files>
    <files>
        
    </files>
    <button_new>0</button_new>
    <button_run>1</button_run>
    <button_assess>1</button_assess>
    <button_stop>1</button_stop>
    <button_clear>1</button_clear>
    <button_upload>0</button_upload>
    <button_download>0</button_download>
</task>