<?xml version="1.0" encoding="utf-8"?>
<task id="task_26225852">
    <course>Pitono pamokėlės</course>
    <title> Sieninis laikrodis</title>
    <short> Sieninis laikrodis</short>
    <description><![CDATA[<p>Sieninis laikrodis pirmąją dieną vėlavo tam tikrą kiekį sekundžių (<i>velavo_1dieną</i>), o kiekvieną kitą dieną – keliom sekundėm daugiau (<i>velavo_daugiau</i>), negu prieš tai buvusią. Parašykite programą, skaičiuojančią, po kelių dienų laikrodis vėluos 15 minučių. Visi duomenys yra sveikojo tipo. Pasitikrinkite: kai <strong>velavo_1dieną = 15</strong>, <strong>velavo_daugiau = 25</strong>, tuomet kompiuterio ekrane turi būti rodoma: <strong>15 minučių laikrodis vėluos po 9 d.</strong>.</p>]]></description>
    <example><![CDATA[<p><strong>Įvestis</strong>:</p><p>Kiek vėlavo pirmą dieną? 15</p><p>Kelio sekundėm vėlavo daugiau kitą dieną? 25</p><p><strong>Išvestis</strong>:</p><p>15 minučių laikrodis vėluos po 9 d.</p>]]></example>
    <skeleton><![CDATA[# Toliau rašykite kodą...
]]></skeleton>
    <drops><![CDATA[]]></drops>
    <language>lt</language>
    <menu_position>top</menu_position>
    <author>Tomas Blažauskas</author>
    <score>60</score>
    <show_title>1</show_title>
    <show_description>1</show_description>
    <show_examples>1</show_examples>
    <show_icons>0</show_icons>
    <small_icons>0</small_icons>
    <use_drops>0</use_drops>
    <use_hints>1</use_hints>
    <use_ai>1</use_ai>
    <use_explanations>1</use_explanations>
    <use_corrections>1</use_corrections>
    <use_reviews>1</use_reviews>
    <hints>
        <hint><![CDATA[Atsiminkite, kad kiekvieną dieną vėluoja ne tiek pat, o vis daugiau!]]></hint>

    </hints>
    <show_tests>1</show_tests>
    <show_files>0</show_files>
    <files>
        
    </files>
    <button_new>0</button_new>
    <button_run>1</button_run>
    <button_assess>1</button_assess>
    <button_stop>1</button_stop>
    <button_clear>1</button_clear>
    <button_upload>0</button_upload>
    <button_download>0</button_download>
</task>