<?xml version="1.0" encoding="utf-8"?>
<task id="task_67359797">
    <course>Pitono pamokėlės</course>
    <title>Kelionė</title>
    <short>Kelionė</short>
    <description><![CDATA[<p>Šeima išsirengė į kelionę automobiliu. Jie pripildė kuro baką, kurio talpa <strong>t</strong> litrų ir nusprendė važiuoti tol, kol bake bus degalų. Lyginėmis kelionės dienomis automobilis suvartos <strong>n</strong> litrų degalų, o nelyginėmis - <strong>2n</strong> litrų. Parašykite programą, kuri surastų, kiek dienų truks šeimos kelionė.</p>]]></description>
    <example><![CDATA[<figure class="table" style="width:96.67%;"><table class="ck-table-resized"><colgroup><col style="width:47.23%;"><col style="width:52.77%;"></colgroup><tbody><tr><td><strong>Duomenys</strong></td><td><strong>Rezultatai</strong></td></tr><tr><td>Įveskite kuro bako talpą: 20<br>Įveskite kuro sąnaudas n: 5&nbsp;</td><td>Keliauti bus galima 3 d.&nbsp;</td></tr><tr><td>Įveskite kuro bako talpą: 112<br>Įveskite kuro sąnaudas n: 11</td><td>Keliauti bus galima 7 d.</td></tr></tbody></table></figure>]]></example>
    <skeleton><![CDATA[# Toliau rašykite kodą...
]]></skeleton>
    <drops><![CDATA[]]></drops>
    <language>lt</language>
    <menu_position>top</menu_position>
    <author>Tomas Blažauskas</author>
    <score>60</score>
    <show_title>1</show_title>
    <show_description>1</show_description>
    <show_examples>1</show_examples>
    <show_icons>0</show_icons>
    <small_icons>0</small_icons>
    <use_drops>0</use_drops>
    <use_hints>0</use_hints>
    <use_ai>1</use_ai>
    <use_explanations>1</use_explanations>
    <use_corrections>1</use_corrections>
    <use_reviews>1</use_reviews>
    <hints>
        
    </hints>
    <show_tests>1</show_tests>
    <show_files>0</show_files>
    <files>
        
    </files>
    <button_new>0</button_new>
    <button_run>1</button_run>
    <button_assess>1</button_assess>
    <button_stop>1</button_stop>
    <button_clear>1</button_clear>
    <button_upload>0</button_upload>
    <button_download>0</button_download>
</task>