<?xml version="1.0" encoding="utf-8"?>
<task id="proproprosenelio_misle">
    <title>Proproprosenelio mįslė</title>
    <short>Proproprosenelio mįslė</short>
    <description><![CDATA[<p>Kriptografas Jonas Rie&scaron;utaitis susitiko savo seną bičiulį Tomą &Scaron;andorą. Besi&scaron;nekučiuodami jie užsuko į savo pamėgtą kavinę &bdquo;Paryžiaus dvelksmas". Tomas pasiguodė, kad &scaron;iuo metu niekaip negali įveikti vieno labai keisto ra&scaron;to, kurį rado su visais savo giminės archyviniais dokumentais:</p>
<p>&ndash; I&scaron; kartos į kartą mūsų giminė perduoda svarbiausius pirmtakų dokumentus, lai&scaron;kus, dienora&scaron;čius... Keistas dokumentas neabejotinai galėjo būti ra&scaron;ytas XIX amžiuje ir kažkaip susijęs su mūsų proproproseneliu Matiju &Scaron;andoru. Jis&nbsp; vienas žymiausių mūsų giminėje, palaikė ry&scaron;ius su daugeliu to laikmečio pasaulio garsenybių. Pavyzdžiui, archyve radome jam adresuotų net prancūzų ra&scaron;ytojų Žiulio Verno bei Aleksandro Diuma lai&scaron;kų! Paslaptingasis dokumentas gali slėpti kažkokią mūsų giminės paslaptį. Proproprosenelis Matijas labai mėgo slapukauti, daug ką už&scaron;ifruodavo... Beveik visas i&scaron;likusias jo mįsles įveikėme. Tačiau &scaron;i &ndash; kažkoks ko&scaron;maras...</p>
<p>&Scaron;tai fragmentas i&scaron; to mįslingo dokumento:</p>
<div>
<p><img src="https://arzinai.lt/paveiksliukai/kriptolap1.jpg" alt="kriptolap1" width="333" height="210"></p>
</div>
<p>&ndash;&nbsp;Gal galėtum padėti perskaityti? Juk tai tavo sritis... - viltingai nutęsė Tomas...</p>
<p>Rie&scaron;utaitis keletą akimirkų įsistebeilijo į keistą lapelį.</p>
<p>&ndash; Manau, kad galėsiu... Ar patikėsi man &scaron;į lapelį kelioms dienoms?</p>
<p>&ndash;&nbsp;Mielai!&nbsp;&ndash; nudžiugo Tomas.</p>
<p>Po keleto dienų Tomas nekantrauja:</p>
<p>&ndash;&nbsp;Ar pavyko, Jonai, ką nors sužinoti?</p>
<p>&ndash;&nbsp;Taip! Tai visi&scaron;kai paprasta... &Scaron;ifravimo būdas gerai žinomas. Teko tik truputį pasirausti bibliotekoje, kol nustačiau &scaron;ifro raktą.</p>]]>
    </description>
    <example><![CDATA[<p>Atsakymas - de&scaron;ifruoto teksto eilutė.</p>]]>
    </example>
    <skeleton><![CDATA[# Toliau rašykite kodą...]]>
    </skeleton>
    <author>kukutis</author>
    <score>100</score>
</task>