<?xml version="1.0" encoding="utf-8"?>
<task id="task_27317147">
    <course>Pitono pamokėlės 2</course>
    <title>Keista suma</title>
    <short>Keista suma</short>
    <description><![CDATA[<p>Parašykite programą, skaičiuojančią sumą <strong>s</strong>: <i>k + kk + kkk + ... + kk...k</i>. Iš failo <strong>Duomenys.txt</strong> perskaitoma <strong>k</strong> (1 ≤ &nbsp;k ≤ &nbsp;9) reikšmė ir natūralusis skaičius <strong>n</strong> (n ≤ 10) – paskutinį dėmenį sudarantis <strong>k</strong> skaitmenų skaičius. Pvz., jei <strong>k = 2</strong>, o <strong>n = 3</strong>, tuomet <strong>s = 2 + 22 + 222 = 246</strong>. &nbsp;&nbsp;</p><p><i>Rezultatas</i> įrašomas į tekstinį failą <strong>Rezultatai.txt</strong>.</p><p><strong>Reikalavimai programai</strong></p><ul><li>Reikia sukurti funkciją, kuri suformuotų kiekvieną sumos dėmenį.</li></ul>]]></description>
    <example><![CDATA[<figure class="table"><table><tbody><tr><td><strong>Duomenys.txt &nbsp; &nbsp; &nbsp; &nbsp; &nbsp; &nbsp; &nbsp; &nbsp; &nbsp; &nbsp; &nbsp; &nbsp; &nbsp; &nbsp; &nbsp;</strong></td><td><strong>&nbsp;Rezultatai.txt &nbsp; &nbsp; &nbsp; &nbsp; &nbsp; &nbsp; &nbsp;&nbsp;</strong></td></tr><tr><td>2 3</td><td>246</td></tr><tr><td>1 6</td><td>123456</td></tr></tbody></table></figure>]]></example>
    <skeleton><![CDATA[

]]></skeleton>
    <drops><![CDATA[]]></drops>
    <language>lt</language>
    <programming_language>python</programming_language>
    <menu_position>top</menu_position>
    <author>Tomas Blažauskas</author>
    <score>80</score>
    <show_title>1</show_title>
    <show_description>1</show_description>
    <show_examples>1</show_examples>
    <show_icons>0</show_icons>
    <small_icons>0</small_icons>
    <use_drops>0</use_drops>
    <use_hints>0</use_hints>
    <use_ai>1</use_ai>
    <use_explanations>1</use_explanations>
    <use_corrections>0</use_corrections>
    <use_reviews>0</use_reviews>
    <hints>
        
    </hints>
    <show_tests>1</show_tests>
    <show_files>1</show_files>
    <files>
        <file filename="Duomenys.txt"><![CDATA[2 3]]></file>

    </files>
    <button_new>0</button_new>
    <button_run>1</button_run>
    <button_assess>1</button_assess>
    <button_stop>1</button_stop>
    <button_clear>1</button_clear>
    <button_upload>0</button_upload>
    <button_download>0</button_download>
</task>