<?xml version="1.0" encoding="utf-8"?>
<task id="task_84689080">
    <course>Pitono pamokėlės</course>
    <title>Užduotys</title>
    <short>Užduotys</short>
    <description><![CDATA[<p>Mokytoja mokiniams rengia tris užduoties variantus. Mokiniai gaus du skaičius a ir b, o jiems reikės apskaičiuoti x reikšmę pagal vieną iš trijų formulių:</p><ul><li>Pirmas variantas: x = ab + 3;</li><li>Antras variantas: &nbsp;x = a + b;</li><li>Trečias variantas: x = a - b.&nbsp;</li></ul><p>Parašykite programą, kuri padėtų mokytojai greitai apskaičiuoti visų užduočių variantų atsakymus.</p>]]></description>
    <example><![CDATA[<p><strong>Įvestis</strong>:</p><p>Įveskite užduoties variantą: 1<br>Įveskite a: 5<br>Įveskite b: 2</p><p><strong>Išvestis</strong>:</p><p>Atsakymas: x=13</p>]]></example>
    <skeleton><![CDATA[# Toliau rašykite kodą...
]]></skeleton>
    <drops><![CDATA[]]></drops>
    <language>lt</language>
    <menu_position>top</menu_position>
    <author>Tomas Blažauskas</author>
    <score>50</score>
    <show_title>1</show_title>
    <show_description>1</show_description>
    <show_examples>1</show_examples>
    <show_icons>0</show_icons>
    <small_icons>0</small_icons>
    <use_drops>0</use_drops>
    <use_hints>0</use_hints>
    <use_ai>1</use_ai>
    <use_explanations>1</use_explanations>
    <use_corrections>1</use_corrections>
    <use_reviews>1</use_reviews>
    <hints>
        
    </hints>
    <show_tests>1</show_tests>
    <show_files>0</show_files>
    <files>
        
    </files>
    <button_new>0</button_new>
    <button_run>1</button_run>
    <button_assess>1</button_assess>
    <button_stop>1</button_stop>
    <button_clear>1</button_clear>
    <button_upload>0</button_upload>
    <button_download>0</button_download>
</task>