<?xml version="1.0" encoding="utf-8"?>
<task id="abc_ir_abc">
    <title>abc * abc = xycabz</title>
    <short>abc * abc</short>
    <description><![CDATA[<p>Turime tokią i&scaron;rai&scaron;ką:</p>
<p>abc * abc = xycabz</p>
<p>Raidės žymi skaitmenis. Raskite mažiausio skaičiaus, kuriam galioja nurodyta i&scaron;rai&scaron;ka, <strong>x</strong>,&nbsp;<strong>y</strong>&nbsp;ir&nbsp;<strong>z</strong>&nbsp;reik&scaron;mes.</p>]]>
    </description>
    <example><![CDATA[<p>I&scaron;vestis - <strong>xyz</strong> skaičius, kur kiekviena raidė žymi skaitmenį.</p>]]>
    </example>
    <skeleton><![CDATA[# Toliau rašykite kodą...
    ]]>
    </skeleton>
    <author>arzinai.lt</author>
    <score>100</score>
</task>