<?xml version="1.0" encoding="utf-8"?>
<task id="task_81336095">
    <course>Pitono pamokėlės 2</course>
    <title>Komandos</title>
    <short>Komandos</short>
    <description><![CDATA[<p>Grupė draugų prieš pasiskirstydami į komandas sugalvojo tokį būdą:</p><ul><li>kiekvienas iš draugų užrašo ant lapelio po tris skaičius iš sveikųjų skaičių intervalo [1; 20] ir visus lapelius sudeda į krūvą;</li><li>kiekviename lapelyje paliekami didžiausias ir mažiausias užrašyti skaičiai;</li><li>jei didžiausi, arba mažiausi skaičiai yra keli, tuomet paliekamas tik vienas iš jų. Jei visi skaičiai vienodi, tai paliekami du iš jų.</li></ul><p>Pavyzdžiui:</p><ul><li>jei lapelyje įrašyti skaičiai 1 5 1, tuomet turi likti 1 ir 5;</li><li>jei įrašyti skaičiai 5 1 5, tuomet turi likti 1 ir 5;</li><li>jei įrašyti skaičiai 5 5 5, tuomet turi likti 5 ir 5;</li><li>tie žaidėjai, kurių lapeliuose likusių skaičių suma yra lyginė, patenka į pirmą komandą, o tie, kurių lapeliuose likusių skaičių suma nelyginė – į antrą.</li></ul><p>Parašykite programą, kuri į rezultatų failą <strong>Rezultatai.txt</strong> išvestų kiekvieno draugo lapelyje likusius neišbrauktus skaičius ir į kurią komandą draugas pateks.</p><p>Vienam draugui skiriama viena eilutė.</p><p>Pradinių duomenų failo <strong>Duomenys.txt</strong> pirmoje eilutėje įrašytas draugų skaičius <strong>n</strong>. &nbsp;Tolesnėse <strong>n</strong> eilučių įrašyta po tris sveikuosius skaičius nuo 1 iki 20 – kiekvieno draugo sugalvoti skaičiai.</p><p><strong>Reikalavimai programai</strong></p><ul><li>Reikia sukurti funkciją, kuri gražintų kiekvieno draugo lapelyje likusius neišbrauktus skaičius ir į kurią komandą draugas pateks.</li></ul>]]></description>
    <example><![CDATA[<figure class="table"><table><tbody><tr><td><strong>Duomenys.txt &nbsp; &nbsp; &nbsp; &nbsp; &nbsp; &nbsp; &nbsp; &nbsp; &nbsp; &nbsp; &nbsp; &nbsp; &nbsp; &nbsp; &nbsp;</strong></td><td><strong>&nbsp;Rezultatai.txt &nbsp; &nbsp; &nbsp; &nbsp; &nbsp; &nbsp; &nbsp;&nbsp;</strong></td></tr><tr><td>6<br>3 2 3<br>14 5 9<br>6 9 17<br>9 9 2<br>8 7 8<br>4 4 4&nbsp;</td><td>2 3 antra<br>5 14 antra<br>6 17 antra<br>2 9 antra<br>7 8 antra<br>4 4 pirma&nbsp;</td></tr></tbody></table></figure>]]></example>
    <skeleton><![CDATA[

]]></skeleton>
    <drops><![CDATA[]]></drops>
    <language>lt</language>
    <programming_language>python</programming_language>
    <menu_position>top</menu_position>
    <author>Tomas Blažauskas</author>
    <score>80</score>
    <show_title>1</show_title>
    <show_description>1</show_description>
    <show_examples>1</show_examples>
    <show_icons>0</show_icons>
    <small_icons>0</small_icons>
    <use_drops>0</use_drops>
    <use_hints>0</use_hints>
    <use_ai>1</use_ai>
    <use_explanations>1</use_explanations>
    <use_corrections>0</use_corrections>
    <use_reviews>0</use_reviews>
    <hints>
        
    </hints>
    <show_tests>1</show_tests>
    <show_files>1</show_files>
    <files>
        <file filename="Duomenys.txt"><![CDATA[6
3 2 3
14 5 9
6 9 17
9 9 2
8 7 8
4 4 4]]></file>

    </files>
    <button_new>0</button_new>
    <button_run>1</button_run>
    <button_assess>1</button_assess>
    <button_stop>1</button_stop>
    <button_clear>1</button_clear>
    <button_upload>0</button_upload>
    <button_download>0</button_download>
</task>