<?xml version="1.0" encoding="utf-8"?>
<task id="task_80585256">
    <course>Pitono pamokėlės</course>
    <title>Pamokos laikas</title>
    <short>Pamokos laikas</short>
    <description><![CDATA[<p>Parenkite programą, kuri praneštų, kada baigiasi pamoka, jei iki pamokos pabaigos liko t minučių:</p><ul><li>jei iki pamokos pabaigos liko daugiau negu 30 minučių, turi būti spausdinamas pranešimas „Liko dar labai daug laiko.“,</li><li>jei iki pamokos pabaigos liko mažiau negu 30, bet daugiau negu 15 minučių, turi būti spausdinamas pranešimas „Liko dar nemažai laiko.“,</li><li>jeigu iki pamokos pabaigos liko iki 7 minučių, turi būti spausdinamas pranešimas „Liko nedaug laiko.“,</li><li>jei 7 ir mažiau minučių – turi būti spausdinama „Pamoka baigiasi.“.&nbsp;</li></ul><p><i>Pasitikrinkite</i>:&nbsp;</p><ul><li>Kai <strong>t = 5</strong>, tuomet ekrane turi būti rodoma: „<strong>Pamoka baigiasi.</strong>“.&nbsp;</li><li>Kai <strong>t = 40</strong>, tuomet ekrane turi būti rodoma: „<strong>Liko dar labai daug laiko.</strong>“.&nbsp;</li><li>Kai <strong>t = 20</strong>, tuomet ekrane turi būti rodoma: „<strong>Liko dar nemažai laiko.</strong>“.&nbsp;</li><li>Kai <strong>t = 10</strong>, tuomet ekrane turi būti rodoma: „<strong>Liko nedaug laiko.</strong>“.</li></ul>]]></description>
    <example><![CDATA[<p><strong>Įvestis</strong>:</p><p>Įveskite kiek liko minučių: 10</p><p><strong>Išvestis</strong>:</p><p>Liko nedaug laiko.</p>]]></example>
    <skeleton><![CDATA[# Toliau rašykite kodą...
]]></skeleton>
    <drops><![CDATA[]]></drops>
    <language>lt</language>
    <menu_position>top</menu_position>
    <author>Tomas Blažauskas</author>
    <score>60</score>
    <show_title>1</show_title>
    <show_description>1</show_description>
    <show_examples>1</show_examples>
    <show_icons>0</show_icons>
    <small_icons>0</small_icons>
    <use_drops>0</use_drops>
    <use_hints>0</use_hints>
    <use_ai>1</use_ai>
    <use_explanations>1</use_explanations>
    <use_corrections>1</use_corrections>
    <use_reviews>1</use_reviews>
    <hints>
        
    </hints>
    <show_tests>1</show_tests>
    <show_files>0</show_files>
    <files>
        
    </files>
    <button_new>0</button_new>
    <button_run>1</button_run>
    <button_assess>1</button_assess>
    <button_stop>1</button_stop>
    <button_clear>1</button_clear>
    <button_upload>0</button_upload>
    <button_download>0</button_download>
</task>