<?xml version="1.0" encoding="UTF-8"?>
<lom xmlns="http://ltsc.ieee.org/xsd/LOM" xmlns:xsi="http://www.w3.org/2001/XMLSchema-instance" xsi:schemaLocation="http://ltsc.ieee.org/xsd/LOM lomCustom.xsd">
	<general uniqueElementName="general">
		<identifier>
			<catalog uniqueElementName="catalog">Pitono pamokėlės 2</catalog>
			<entry uniqueElementName="entry">4a7d755e-34a5-410a-a7d4</entry>
		</identifier>
		<title>
			<string language="en">Figūros iš degtukų</string>
		</title>
		<language>en</language>
		<description>
			<string language="en"><p>Pradinėse (ir ne tik) klasėse sprendžiami uždaviniai, kuriuose prašoma sudėlioti įvairias figūras iš degtukų. Vienas uždavinių tipas susijęs su didžiausio ploto figūrų dėliojimu.</p><p>Mokytoja paruošė tiek degtukų rinkinių, kiek klasėje yra mokinių (2 &lt; mokinių skaičius &lt; 35). Kiekviename rinkinyje yra tam tikras skaičius degtukų (1 &lt; degtukų skaičius &lt; 100). Kiekvienas mokinys gavo užduotį: iš degtukų sudėlioti didžiausio ploto <strong>stačiakampį</strong>, surasti stačiakampio kraštinių ilgius ir kiek degtukų liko nepanaudota. Degtukų laužyti negalima.</p><p>Kad būtų lengviau tikrinti mokinių atliktas užduotis mokytoja sugalvojo paprašyti programuotojų pagalbos. Sukurkite programą šiam uždaviniui spręsti.</p><p>Pirmoje pradinių duomenų failo <strong>Duomenys.txt</strong> eilutėje įrašytas degtukų rinkinių skaičius. Antroje eilutėje įrašyta, po kiek degtukų yra kiekviename rinkinyje.</p><p>Rezultatų faile <strong>Rezultatai.txt</strong> turi būti tiek eilučių, kiek buvo rinkinių. Vieno rinkinio rezultatai išvedami tokia tvarka: stačiakampio plotas, trumpesniosios stačiakampio kraštinės ilgis, ilgesniosios stačiakampio kraštinės ilgis, likusių nepanaudotų degtukų skaičius.&nbsp;</p><p><strong>Reikalavimai programai</strong></p><ul><li>Reikia sukurti funkciją, kuri gražintų vieno rinkinio rezultatus: stačiakampio plotą, trumpesniosios kraštinės ilgį, ilgesniosios kraštinės ilgį, likusių nepanaudotų degtukų skaičių.</li></ul></string>
		</description>
		<aggregationLevel uniqueElementName="aggregationLevel">
			<source uniqueElementName="source">LOM-ESv1.0</source>
			<value uniqueElementName="value">2</value>
		</aggregationLevel>
	</general>
	<lifeCycle>
		<contribute>
			<role uniqueElementName="role">
				<source uniqueElementName="source">LOM-ESv1.0</source>
				<value uniqueElementName="value">author</value>
			</role>
			<entity>BEGIN:VCARD VERSION:3.0 FN:Tomas Blažauskas EMAIL;TYPE=INTERNET: ORG: END:VCARD</entity>
			<date>
				<dateTime uniqueElementName="dateTime">2021-01-07T16:49:22.00+02:00</dateTime>
				<description>
					<string language="lt">Metadata creation date</string>
				</description>
			</date>
		</contribute>
	</lifeCycle>
	<metaMetadata uniqueElementName="metaMetadata">
		<contribute>
			<role uniqueElementName="role">
				<source uniqueElementName="source">LOM-ESv1.0</source>
				<value uniqueElementName="value">creator</value>
			</role>
			<entity>BEGIN:VCARD VERSION:3.0 FN:Tomas Blažauskas EMAIL;TYPE=INTERNET: ORG: END:VCARD</entity>
			<date>
				<dateTime uniqueElementName="dateTime">2021-01-07T16:48:12.00+02:00</dateTime>
				<description>
					<string language="en">Metadata creation date</string>
				</description>
			</date>
		</contribute>
		<metadataSchema>LOM-ESv1.0</metadataSchema>
		<language>en</language>
	</metaMetadata>
	<technical uniqueElementName="technical">
		<otherPlatformRequirements>
			<string language="en">editor: hands</string>
		</otherPlatformRequirements>
	</technical>
	<educational>
		<intendedEndUserRole>
			<source uniqueElementName="source">LOM-ESv1.0</source>
			<value uniqueElementName="value">learner</value>
		</intendedEndUserRole>
		<context>
			<source uniqueElementName="source">LOM-ESv1.0</source>
			<value uniqueElementName="value">presencial</value>
		</context>
		<context>
			<source uniqueElementName="source">LOM-ESv1.0</source>
			<value uniqueElementName="value">classroom</value>
		</context>
		<language>en</language>
	</educational>
	<rights uniqueElementName="rights">
		<copyrightAndOtherRestrictions uniqueElementName="copyrightAndOtherRestrictions">
			<source uniqueElementName="source">LOM-ESv1.0</source>
			<value uniqueElementName="value">public domain</value>
		</copyrightAndOtherRestrictions>
		<access uniqueElementName="access">
			<accessType uniqueElementName="accessType">
				<source uniqueElementName="source">LOM-ESv1.0</source>
				<value uniqueElementName="value">universal</value>
			</accessType>
			<description>
				<string language="lt">Default</string>
			</description>
		</access>
	</rights>
</lom>