<?xml version="1.0" encoding="UTF-8"?>
<lom xmlns="http://ltsc.ieee.org/xsd/LOM" xmlns:xsi="http://www.w3.org/2001/XMLSchema-instance" xsi:schemaLocation="http://ltsc.ieee.org/xsd/LOM lomCustom.xsd">
	<general uniqueElementName="general">
		<identifier>
			<catalog uniqueElementName="catalog">Pitono pamokėlės 2</catalog>
			<entry uniqueElementName="entry">4a7d755e-34a5-410a-a7d4</entry>
		</identifier>
		<title>
			<string language="en">Sportininkai</string>
		</title>
		<language>en</language>
		<description>
			<string language="en"><p>Tarptautinis Olimpinis Komitetas (TOK) sportininkams rekomenduoja maisto sudėtinių dalių pasiskirstymą per parą: angliavandeniai turėtų sudaryti <strong>a</strong> procentų, riebalai – <strong>r</strong> procentų, baltymai – <strong>b</strong> procentų gaunamų kilokalorijų (kcal). Žinomi sportininkų duomenys: ūgis, masė ir suvartojamas energijos kiekis kcal per parą.</p><p>Parašykite programą, kuri rastų aukščiausio, žemiausio, lengviausio ir sunkiausio sportininko masę, ūgį, suvartojamos energijos kiekį kcal per parą ir kūno masės indeksą (KMI). Sportininko kūno masės indeksas (KMI), apskaičiuojamas pagal Adolphe Quetelet formulę: <strong>KMI = masė (kg) / ūgis<sup>2</sup> (cm<sup>2</sup>)</strong>.</p><p>Jeigu yra keli vienodai aukščiausi (žemiausi, sunkiausi, lengviausi) sportininkai, tai spausdinami visų duomenys.</p><p>Pradinių duomenų faile <strong>Duomenys.txt</strong>:</p><ul><li>pirmoje eilutėje įrašyti trys sveikieji skaičiai a, r, b – rekomenduojamas angliavandenių, baltymų ir riebalų kiekis procentais;</li><li>antroje failo eilutėje įrašytas krepšinio komandos sportininkų skaičius n;</li><li>tolesnėse n eilučių įrašyta po du realiuosius skaičius: sportininko kūno masė (kg), ūgis (m) ir sveikasis skaičius – per parą suvartojamas energijos kiekis (kcal).</li></ul><p>Rezultatų faile <strong>Rezultatai.txt</strong> turi būti įrašyta:</p><ul><li>pirmosiose n eilučių – kiekvieno sportininko eilės numeris ir kūno masės indeksas (KMI), apvalinamas iki sveikojo skaičiaus;</li><li>tolesnėse eilutėse turi būti spausdinama:<ul><li>aukščiausio sportininko duomenys: eilės numeris, masė, ūgis, suvartojamas energijos kiekis, KMI. Jei yra keli tokie sportininkai, tuomet turi būti spausdinami visų sportininkų duomenys;</li><li>žemiausio sportininko duomenys: eilės numeris, masė, ūgis, suvartojamas energijos kiekis, KMI. Jei yra keli tokie sportininkai, tuomet turi būti spausdinami visų sportininkų duomenys;</li><li>lengviausio sportininko duomenys: eilės numeris, masė, ūgis, suvartojamas energijos kiekis, KMI. Jei yra keli tokie sportininkai, tuomet turi būti spausdinami visų sportininkų duomenys;</li><li>sunkiausio sportininko duomenys: eilės numeris, masė, ūgis, suvartojamas energijos kiekis, KMI. Jei yra keli tokie sportininkai, tuomet turi būti spausdinami visų sportininkų duomenys. &nbsp;</li></ul></li></ul><p><strong>Reikalavimai programai</strong></p><ul><li>Naudokite sveikųjų ir realiųjų sąrašus/masyvus.</li><li>Naudokite funkcijas programos struktūrizavimui.</li><li>Rezultatuose, išvesdami realiuosius skaičius, spausdinkite du skaičius po kablelio.</li></ul></string>
		</description>
		<aggregationLevel uniqueElementName="aggregationLevel">
			<source uniqueElementName="source">LOM-ESv1.0</source>
			<value uniqueElementName="value">2</value>
		</aggregationLevel>
	</general>
	<lifeCycle>
		<contribute>
			<role uniqueElementName="role">
				<source uniqueElementName="source">LOM-ESv1.0</source>
				<value uniqueElementName="value">author</value>
			</role>
			<entity>BEGIN:VCARD VERSION:3.0 FN:Tomas Blažauskas EMAIL;TYPE=INTERNET: ORG: END:VCARD</entity>
			<date>
				<dateTime uniqueElementName="dateTime">2021-01-07T16:49:22.00+02:00</dateTime>
				<description>
					<string language="lt">Metadata creation date</string>
				</description>
			</date>
		</contribute>
	</lifeCycle>
	<metaMetadata uniqueElementName="metaMetadata">
		<contribute>
			<role uniqueElementName="role">
				<source uniqueElementName="source">LOM-ESv1.0</source>
				<value uniqueElementName="value">creator</value>
			</role>
			<entity>BEGIN:VCARD VERSION:3.0 FN:Tomas Blažauskas EMAIL;TYPE=INTERNET: ORG: END:VCARD</entity>
			<date>
				<dateTime uniqueElementName="dateTime">2021-01-07T16:48:12.00+02:00</dateTime>
				<description>
					<string language="en">Metadata creation date</string>
				</description>
			</date>
		</contribute>
		<metadataSchema>LOM-ESv1.0</metadataSchema>
		<language>en</language>
	</metaMetadata>
	<technical uniqueElementName="technical">
		<otherPlatformRequirements>
			<string language="en">editor: hands</string>
		</otherPlatformRequirements>
	</technical>
	<educational>
		<intendedEndUserRole>
			<source uniqueElementName="source">LOM-ESv1.0</source>
			<value uniqueElementName="value">learner</value>
		</intendedEndUserRole>
		<context>
			<source uniqueElementName="source">LOM-ESv1.0</source>
			<value uniqueElementName="value">presencial</value>
		</context>
		<context>
			<source uniqueElementName="source">LOM-ESv1.0</source>
			<value uniqueElementName="value">classroom</value>
		</context>
		<language>en</language>
	</educational>
	<rights uniqueElementName="rights">
		<copyrightAndOtherRestrictions uniqueElementName="copyrightAndOtherRestrictions">
			<source uniqueElementName="source">LOM-ESv1.0</source>
			<value uniqueElementName="value">public domain</value>
		</copyrightAndOtherRestrictions>
		<access uniqueElementName="access">
			<accessType uniqueElementName="accessType">
				<source uniqueElementName="source">LOM-ESv1.0</source>
				<value uniqueElementName="value">universal</value>
			</accessType>
			<description>
				<string language="lt">Default</string>
			</description>
		</access>
	</rights>
</lom>