<?xml version="1.0" encoding="utf-8"?>
<task id="pitono_pamokeles_cukrus_1">
    <course>Pitono pamokėlės</course>
    <title>Cukrus</title>
    <short>Cukrus</short>
    <description><![CDATA[<p>Cukraus kilogramo kaina yra <strong>m</strong> eurų (realusis skaičius). Maiše telpa <strong>k</strong> kilogramų cukraus (sveikasis skaičius). Šeima perka <strong>n</strong> maišų cukraus visiems metams.&nbsp;</p><p>Parašykite programą, kuri apskaičiuotų, kokią pinigų sumą suma sumokės šeima už perkamą cukrų.&nbsp;</p><p><i>Pasitikrinkite</i>: kai <strong>m = 0.85</strong>, <strong>k = 50</strong>, <strong>n = 2</strong>, tai suma yra <strong>85.00</strong>.</p>]]></description>
    <example><![CDATA[<p><strong>Įvestis</strong>:</p><p>Kokia kilogramo kaina? 0.85</p><p>Kiek maiše telpa cukraus (kg)? 50</p><p>Kiek šeima perka maišų? 2</p><p><strong>Išvestis</strong>:</p><p>85.00</p>]]></example>
    <skeleton><![CDATA[# Toliau rašykite kodą...
]]></skeleton>
    <language>lt</language>
    <menu_position>top</menu_position>
    <author>Tomas Blažauskas</author>
    <score>60</score>
    <show_title>1</show_title>
    <show_description>1</show_description>
    <show_examples>1</show_examples>
    <show_icons>0</show_icons>
    <small_icons>0</small_icons>
    <show_tests>1</show_tests>
    <show_files>0</show_files>
    <files>
        
    </files>
    <button_new>0</button_new>
    <button_run>1</button_run>
    <button_assess>1</button_assess>
    <button_stop>1</button_stop>
    <button_clear>0</button_clear>
    <button_upload>0</button_upload>
    <button_download>0</button_download>
</task>