<?xml version="1.0" encoding="utf-8"?>
<task id="task_70456390">
    <course>Pitono pamokėlės 2</course>
    <title>Sportininkai</title>
    <short>Sportininkai</short>
    <description><![CDATA[<p>Tarptautinis Olimpinis Komitetas (TOK) sportininkams rekomenduoja maisto sudėtinių dalių pasiskirstymą per parą: angliavandeniai turėtų sudaryti <strong>a</strong> procentų, riebalai – <strong>r</strong> procentų, baltymai – <strong>b</strong> procentų gaunamų kilokalorijų (kcal). Žinomi sportininkų duomenys: ūgis, masė ir suvartojamas energijos kiekis kcal per parą.</p><p>Parašykite programą, kuri rastų aukščiausio, žemiausio, lengviausio ir sunkiausio sportininko masę, ūgį, suvartojamos energijos kiekį kcal per parą ir kūno masės indeksą (KMI). Sportininko kūno masės indeksas (KMI), apskaičiuojamas pagal Adolphe Quetelet formulę: <strong>KMI = masė (kg) / ūgis<sup>2</sup> (cm<sup>2</sup>)</strong>.</p><p>Jeigu yra keli vienodai aukščiausi (žemiausi, sunkiausi, lengviausi) sportininkai, tai spausdinami visų duomenys.</p><p>Pradinių duomenų faile <strong>Duomenys.txt</strong>:</p><ul><li>pirmoje eilutėje įrašyti trys sveikieji skaičiai a, r, b – rekomenduojamas angliavandenių, baltymų ir riebalų kiekis procentais;</li><li>antroje failo eilutėje įrašytas krepšinio komandos sportininkų skaičius n;</li><li>tolesnėse n eilučių įrašyta po du realiuosius skaičius: sportininko kūno masė (kg), ūgis (m) ir sveikasis skaičius – per parą suvartojamas energijos kiekis (kcal).</li></ul><p>Rezultatų faile <strong>Rezultatai.txt</strong> turi būti įrašyta:</p><ul><li>pirmosiose n eilučių – kiekvieno sportininko eilės numeris ir kūno masės indeksas (KMI), apvalinamas iki sveikojo skaičiaus;</li><li>tolesnėse eilutėse turi būti spausdinama:<ul><li>aukščiausio sportininko duomenys: eilės numeris, masė, ūgis, suvartojamas energijos kiekis, KMI. Jei yra keli tokie sportininkai, tuomet turi būti spausdinami visų sportininkų duomenys;</li><li>žemiausio sportininko duomenys: eilės numeris, masė, ūgis, suvartojamas energijos kiekis, KMI. Jei yra keli tokie sportininkai, tuomet turi būti spausdinami visų sportininkų duomenys;</li><li>lengviausio sportininko duomenys: eilės numeris, masė, ūgis, suvartojamas energijos kiekis, KMI. Jei yra keli tokie sportininkai, tuomet turi būti spausdinami visų sportininkų duomenys;</li><li>sunkiausio sportininko duomenys: eilės numeris, masė, ūgis, suvartojamas energijos kiekis, KMI. Jei yra keli tokie sportininkai, tuomet turi būti spausdinami visų sportininkų duomenys. &nbsp;</li></ul></li></ul><p><strong>Reikalavimai programai</strong></p><ul><li>Naudokite sveikųjų ir realiųjų sąrašus/masyvus.</li><li>Naudokite funkcijas programos struktūrizavimui.</li><li>Rezultatuose, išvesdami realiuosius skaičius, spausdinkite du skaičius po kablelio.</li></ul>]]></description>
    <example><![CDATA[<figure class="table" style="width:100%;"><table class="ck-table-resized"><colgroup><col style="width:48.78%;"><col style="width:51.22%;"></colgroup><tbody><tr><td><strong>Duomenys.txt &nbsp; &nbsp; &nbsp; &nbsp; &nbsp; &nbsp; &nbsp; &nbsp; &nbsp; &nbsp; &nbsp; &nbsp; &nbsp; &nbsp; &nbsp;</strong></td><td><strong>&nbsp;Rezultatai.txt &nbsp; &nbsp; &nbsp; &nbsp; &nbsp; &nbsp; &nbsp;&nbsp;</strong></td></tr><tr><td>60 25 15<br>12<br>82.00 1.85 3608<br>98.00 1.98 4073<br>92.00 1.95 3893<br>80.00 1.90 3541<br>125.00 2.08 4853<br>107.00 2.04 4358<br>107.00 2.05 4367<br>97.00 2.03 4094<br>117.00 2.11 4677<br>98.00 2.05 4138<br>93.00 1.98 3946&nbsp;<br>85.00 1.88 3650</td><td>1 24<br>2 25<br>3 24<br>4 22<br>5 29<br>6 26<br>7 25<br>8 24<br>9 26<br>10 23<br>11 24<br>12 24<br>9 117.00 2.11 4677 26<br>1 82.00 1.85 3608 24<br>4 80.00 1.90 3541 22<br>5 125.00 2.08 4853 29</td></tr></tbody></table></figure>]]></example>
    <skeleton><![CDATA[

]]></skeleton>
    <drops><![CDATA[]]></drops>
    <language>lt</language>
    <programming_language>python</programming_language>
    <menu_position>top</menu_position>
    <author>Tomas Blažauskas</author>
    <score>80</score>
    <show_title>1</show_title>
    <show_description>1</show_description>
    <show_examples>1</show_examples>
    <show_icons>0</show_icons>
    <small_icons>0</small_icons>
    <use_drops>0</use_drops>
    <use_hints>0</use_hints>
    <use_ai>1</use_ai>
    <use_explanations>1</use_explanations>
    <use_corrections>0</use_corrections>
    <use_reviews>0</use_reviews>
    <hints>
        
    </hints>
    <show_tests>1</show_tests>
    <show_files>1</show_files>
    <files>
        <file filename="Duomenys.txt"><![CDATA[60 25 15
12
82.00 1.85 3608
98.00 1.98 4073
92.00 1.95 3893
80.00 1.90 3541
125.00 2.08 4853
107.00 2.04 4358
107.00 2.05 4367
97.00 2.03 4094
117.00 2.11 4677
98.00 2.05 4138
93.00 1.98 3946 
85.00 1.88 3650]]></file>

    </files>
    <button_new>0</button_new>
    <button_run>1</button_run>
    <button_assess>1</button_assess>
    <button_stop>1</button_stop>
    <button_clear>1</button_clear>
    <button_upload>0</button_upload>
    <button_download>0</button_download>
</task>