<?xml version="1.0" encoding="utf-8"?>
<task id="task_76980873">
    <course>Pitono pamokėlės 2</course>
    <title>Knygų skirtukai</title>
    <short>Knygų skirtukai</short>
    <description><![CDATA[<p>KTU Leidykla sugalvojo kiekvieno pavadinimo knygai pagaminti tik to pavadinimo knygai skirtą skirtuką. Atsiimant iš spaustuvės išspausdintas knygas ir jų skirtukus paaiškėjo, kad kai kurioms knygoms skirtukų išspausdinta per daug, o kai kurioms trūksta. Kiekviena knyga ir skirtukas turi sutampantį kodą iš sveikųjų skaičių intervalo [1; 100]. Knygų ir skirtukų kiekiai neviršys 1000 vienetų.</p><p>Pradinių duomenų failo <strong>Duomenys.txt</strong> pirmoje eilutėje įrašyti knygų kodai. Antroje – skirtukų kodai. Knygų ir skirtukų kodai gali eiti nebūtinai iš eilės ir gali kartotis.&nbsp;</p><p>Parenkite programą, kuri į rezultatų failą <strong>Rezultatai.txt</strong> įrašytų: knygos kodą ir trūkstamų tos knygos skirtukų skaičių, bei skirtuko kodą ir trūkstamų to kodo knygų skaičių. Kodai turi būti išdėstyti didėjančiai. Rezultatai turėtų būti išvedami kaip pateikta pavyzdyje. &nbsp;</p><p><strong>Reikalavimai programai</strong></p><ul><li>Naudokite sąrašus/masyvus.</li><li>Naudokite funkcijas programos struktūrizavimui.</li></ul>]]></description>
    <example><![CDATA[<figure class="table" style="width:100%;"><table class="ck-table-resized"><colgroup><col style="width:48.78%;"><col style="width:51.22%;"></colgroup><tbody><tr><td><strong>Duomenys.txt &nbsp; &nbsp; &nbsp; &nbsp; &nbsp; &nbsp; &nbsp; &nbsp; &nbsp; &nbsp; &nbsp; &nbsp; &nbsp; &nbsp; &nbsp;</strong></td><td><strong>&nbsp;Rezultatai.txt &nbsp; &nbsp; &nbsp; &nbsp; &nbsp; &nbsp; &nbsp;&nbsp;</strong></td></tr><tr><td>8 4 2 8 10 5 4 5<br>2 2 2 5 5 4 4 4 2 4</td><td>Reikia knygu:<br>2 3<br>4 2<br>Reikia skirtuku:<br>8 2<br>10 1&nbsp;</td></tr></tbody></table></figure>]]></example>
    <skeleton><![CDATA[

]]></skeleton>
    <drops><![CDATA[]]></drops>
    <language>lt</language>
    <programming_language>python</programming_language>
    <menu_position>top</menu_position>
    <author>Tomas Blažauskas</author>
    <score>80</score>
    <show_title>1</show_title>
    <show_description>1</show_description>
    <show_examples>1</show_examples>
    <show_icons>0</show_icons>
    <small_icons>0</small_icons>
    <use_drops>0</use_drops>
    <use_hints>0</use_hints>
    <use_ai>1</use_ai>
    <use_explanations>1</use_explanations>
    <use_corrections>0</use_corrections>
    <use_reviews>0</use_reviews>
    <hints>
        
    </hints>
    <show_tests>1</show_tests>
    <show_files>1</show_files>
    <files>
        <file filename="Duomenys.txt"><![CDATA[8 4 2 8 10 5 4 5
2 2 2 5 5 4 4 4 2 4]]></file>

    </files>
    <button_new>0</button_new>
    <button_run>1</button_run>
    <button_assess>1</button_assess>
    <button_stop>1</button_stop>
    <button_clear>1</button_clear>
    <button_upload>0</button_upload>
    <button_download>0</button_download>
</task>