<?xml version="1.0" encoding="utf-8"?>
<task id="task_26462228">
    <course>Pitono pamokėlės 2</course>
    <title>Kelionė</title>
    <short>Kelionė</short>
    <description><![CDATA[<p>Duomenų faile (<strong>Duomenys.txt</strong>) pirmoje eilutėje įrašyta kelionės kaina (sveikasis skaičius). Tolesnėse eilutėse įrašyta mokinio pavardė ir duotų pinigų kiekis (vieni mokiniai atnešė visą sumą iškart, kiti tik avansą).</p><p>Rezultatų faile (<strong>Rezultatai.txt</strong>) atspausdinkite mokinius, kurie važiuoja į kelionę (yra davę visą sumą arba avansą), surikiuotus pagal pinigų sumą mažėjimo tvarka. Failo gale įrašykite važiuojančių mokinių kiekį.</p><p><strong>Reikalavimai programai</strong></p><ul><li>Naudokite sąrašus/masyvus.</li><li>Naudokite funkcijas programos struktūrizavimui.</li><li>Pamėginkite tiek panaudoti Pitono rūšiavimo funkciją, tiek įgyvendinti klasikinį rūšiavimo algoritmą.</li></ul>]]></description>
    <example><![CDATA[<figure class="table" style="width:100%;"><table class="ck-table-resized"><colgroup><col style="width:48.78%;"><col style="width:51.22%;"></colgroup><tbody><tr><td><strong>Duomenys.txt &nbsp; &nbsp; &nbsp; &nbsp; &nbsp; &nbsp; &nbsp; &nbsp; &nbsp; &nbsp; &nbsp; &nbsp; &nbsp; &nbsp; &nbsp;</strong></td><td><strong>&nbsp;Rezultatai.txt &nbsp; &nbsp; &nbsp; &nbsp; &nbsp; &nbsp; &nbsp;&nbsp;</strong></td></tr><tr><td>45<br>Katilauskas 20<br>Anusauskaitė 0<br>Verbickas 45<br>Petrauskas 45&nbsp;</td><td>Verbickas 45<br>Petrauskas 45<br>Katilauskas 20<br>3&nbsp;</td></tr></tbody></table></figure>]]></example>
    <skeleton><![CDATA[

]]></skeleton>
    <drops><![CDATA[]]></drops>
    <language>lt</language>
    <programming_language>python</programming_language>
    <menu_position>top</menu_position>
    <author>Tomas Blažauskas</author>
    <score>80</score>
    <show_title>1</show_title>
    <show_description>1</show_description>
    <show_examples>1</show_examples>
    <show_icons>0</show_icons>
    <small_icons>0</small_icons>
    <use_drops>0</use_drops>
    <use_hints>0</use_hints>
    <use_ai>1</use_ai>
    <use_explanations>1</use_explanations>
    <use_corrections>0</use_corrections>
    <use_reviews>0</use_reviews>
    <hints>
        
    </hints>
    <show_tests>1</show_tests>
    <show_files>1</show_files>
    <files>
        <file filename="Duomenys.txt"><![CDATA[45
Katilauskas 20
Anusauskaitė 0
Verbickas 45
Petrauskas 45]]></file>

    </files>
    <button_new>0</button_new>
    <button_run>1</button_run>
    <button_assess>1</button_assess>
    <button_stop>1</button_stop>
    <button_clear>1</button_clear>
    <button_upload>0</button_upload>
    <button_download>0</button_download>
</task>