<?xml version="1.0" encoding="utf-8"?>
<task id="task_6249056">
    <course>Pitono pamokėlės 2</course>
    <title>Asmens informacijos apdorojimas</title>
    <short>Informacijos apdorojimas</short>
    <description><![CDATA[<p>Parašykite programą, kuri nuskaito iš failo <strong>asmens_duomenys.txt</strong> vardą, pavardę ir asmens amžių ir sukuria failą <strong>duomenys_spausdinimui.txt</strong>, kuriame pridėta papildoma informacija apie laukus. Pažiūrėkite į pavyzdį, kaip turi atrodyti spausdinimui skirtas failas.&nbsp;</p>]]></description>
    <example><![CDATA[<figure class="table" style="width:100%;"><table class="ck-table-resized"><colgroup><col style="width:47.58%;"><col style="width:52.42%;"></colgroup><tbody><tr><td><strong>asmens_duomenys.txt &nbsp;&nbsp;</strong></td><td><strong>duomenys_spausdinimui.txt &nbsp;&nbsp;</strong></td></tr><tr><td>Andrius<br>Blažauskas<br>7</td><td>Asmuo: Andrius Blažauskas<br>Amžius: 7</td></tr></tbody></table></figure>]]></example>
    <skeleton><![CDATA[# Toliau rašykite kodą...
]]></skeleton>
    <drops><![CDATA[]]></drops>
    <language>lt</language>
    <programming_language>python</programming_language>
    <menu_position>top</menu_position>
    <author>Tomas Blažauskas</author>
    <score>70</score>
    <show_title>1</show_title>
    <show_description>1</show_description>
    <show_examples>1</show_examples>
    <show_icons>0</show_icons>
    <small_icons>0</small_icons>
    <use_drops>0</use_drops>
    <use_hints>0</use_hints>
    <use_ai>1</use_ai>
    <use_explanations>1</use_explanations>
    <use_corrections>0</use_corrections>
    <use_reviews>0</use_reviews>
    <hints>
        
    </hints>
    <show_tests>1</show_tests>
    <show_files>1</show_files>
    <files>
        <file filename="asmens_duomenys.txt"><![CDATA[Andrius
Blažauskas
7]]></file>

    </files>
    <button_new>0</button_new>
    <button_run>1</button_run>
    <button_assess>1</button_assess>
    <button_stop>0</button_stop>
    <button_clear>1</button_clear>
    <button_upload>0</button_upload>
    <button_download>0</button_download>
</task>