<?xml version="1.0" encoding="utf-8"?>
<task id="task_75679113">
    <course>Pitono pamokėlės</course>
    <title>Nutrinti skaičiai</title>
    <short>Nutrinti skaičiai</short>
    <description><![CDATA[<p>Ant popieriaus lapo užrašyti keturi natūralieji skaičiai: <strong>a</strong>, <strong>b</strong>, <strong>s</strong>, <strong>d</strong>. Po to du iš jų buvo nutrinti (juos žymėsime nuliais). Reikia atkurti nutrintuosius skaičius, jeigu žinoma, kad yra likęs bent vienas iš skaičių <strong>a</strong> ir <strong>b</strong> ir kad skaičiai tenkino šitokias lygybes:</p><ul><li>s = a + b;</li><li>d = a * b.&nbsp;</li></ul><p>Pavyzdžiai:</p><figure class="table" style="width:97.42%;"><table class="ck-table-resized"><colgroup><col style="width:9.6%;"><col style="width:24.05%;"><col style="width:29.13%;"><col style="width:37.22%;"></colgroup><tbody><tr><td><strong>Testo nr.</strong></td><td><strong>Pradiniai duomenys</strong></td><td><strong>Rezultatas</strong></td><td><strong>Paaiškinimai</strong></td></tr><tr><td>1</td><td>0 12 0 48&nbsp;</td><td>4 12 16 48&nbsp;</td><td>Nutrinti skaičiai <i>a</i> ir <i>s</i></td></tr><tr><td>2</td><td>0 5 9 0&nbsp;</td><td>4 5 9 20</td><td>Nutrinti skaičiai <i>a</i> ir <i>d</i></td></tr><tr><td>3</td><td>3 0 0 39</td><td>3 13 16 39&nbsp;</td><td>Nutrinti skaičiai <i>b</i> ir <i>s</i></td></tr><tr><td>4</td><td>15 0 105 0&nbsp;</td><td>15 90 105 1350</td><td>Nutrinti skaičiai <i>b</i> ir <i>d</i></td></tr><tr><td>5</td><td>25 13 0 0&nbsp;</td><td>25 13 38 325</td><td>Nutrinti skaičiai <i>s</i> ir <i>d</i></td></tr><tr><td>6</td><td>1 0 0 32766</td><td>1 32766 32767 32766</td><td>Nutrinti skaičiai <i>b</i> ir <i>s</i></td></tr></tbody></table></figure>]]></description>
    <example><![CDATA[<p><strong>Įvestis</strong>:</p><p>Įveskite a, b, c, d: 0 12 0 48</p><p><strong>Išvestis</strong>:</p><p>4 12 16 48</p>]]></example>
    <skeleton><![CDATA[# Įvedimas
a, b, s, d = map(int, input("Įveskite a, b, s, d: ").split())
# Toliau rašykite kodą...
]]></skeleton>
    <drops><![CDATA[]]></drops>
    <language>lt</language>
    <menu_position>top</menu_position>
    <author>Tomas Blažauskas</author>
    <score>60</score>
    <show_title>1</show_title>
    <show_description>1</show_description>
    <show_examples>1</show_examples>
    <show_icons>0</show_icons>
    <small_icons>0</small_icons>
    <use_drops>0</use_drops>
    <use_hints>0</use_hints>
    <use_ai>1</use_ai>
    <use_explanations>1</use_explanations>
    <use_corrections>0</use_corrections>
    <use_reviews>0</use_reviews>
    <hints>
        
    </hints>
    <show_tests>1</show_tests>
    <show_files>0</show_files>
    <files>
        
    </files>
    <button_new>0</button_new>
    <button_run>1</button_run>
    <button_assess>1</button_assess>
    <button_stop>1</button_stop>
    <button_clear>1</button_clear>
    <button_upload>0</button_upload>
    <button_download>0</button_download>
</task>