<?xml version="1.0" encoding="UTF-8"?>
<lom xmlns="http://ltsc.ieee.org/xsd/LOM" xmlns:xsi="http://www.w3.org/2001/XMLSchema-instance" xsi:schemaLocation="http://ltsc.ieee.org/xsd/LOM lomCustom.xsd">
	<general uniqueElementName="general">
		<identifier>
			<catalog uniqueElementName="catalog">Pitono pamokėlės 2</catalog>
			<entry uniqueElementName="entry">4a7d755e-34a5-410a-a7d4</entry>
		</identifier>
		<title>
			<string language="en">Dovanų metas</string>
		</title>
		<language>en</language>
		<description>
			<string language="en"><p>Artėjant Kalėdoms, mokykloje buvo nuspręsta pradžiuginti pažangius moksleivius. Mokytojos pasiūlė padaryti staigmeną gerai besimokantiems mokiniams. Moksleiviai, kurių trimestro vidurkis yra įvertintas <strong>daugiau nei 8 balais</strong>, laikomi pažangiais mokiniais. Jiems nuspręsta prieš Kalėdų atostogas įteikti kalėdinių saldainių dėžutę. Šią akciją nusprendė paremti netoliese esanti parduotuvė, kuri sutiko taikyti didesnes nuolaidas, priklausomai nuo nupirktų saldainių dėžučių kiekio, kiekvienai klasės auklėtojai. Jei perkama <strong>4</strong> ar daugiau dėžučių taikoma <strong>25%</strong> nuolaidą, jei <strong>7</strong> ar daugiau – <strong>35%</strong>, o jei daugiau nei <strong>10</strong> – net <strong>40%</strong> nuolaida.</p><p>Jūsų užduotis bus padėti mokytojai sužinoti kiek mokinių gaus kalėdinių dovanų, kokią nuolaidą gaus vienos klasės auklėtoja ir kiek iš viso pinigų už jas sumokės.&nbsp;</p><p>Pradiniai duomenys saugomi tekstiniame faile <strong>Duomenys.txt</strong> – pirmoje eilutėje įrašytas klasės <strong>pavadinimas</strong>, antroje – <strong>mokinių skaičius</strong> n (0&lt;n&lt;30), trečioje saldainių <strong>dėžutės kaina</strong> be nuolaidos, toliau kiekvienoje eilutėje surašyti atskirų mokinių pažymiai, pirmas skaičius – kiek pažymių mokinys turi, toliau - visi jo pažymiai.&nbsp;</p><p><i>Rezultatas</i> įrašomas į tekstinį failą <strong>Rezultatai.txt</strong>. Jame turi būti:</p><ul><li>Klasės pavadinimas;</li><li>Kiek išviso reikės pirkti saldainių dėžučių;&nbsp;</li><li>Kokia vienos dėžutės kaina (2 skaičių po kablelio tikslumu);</li><li>Kiek iš viso sumokės pinigų (2 skaičių po kablelio tikslumu).&nbsp;</li></ul><p><strong>Reikalavimai programai</strong></p><ul><li>Reikia sukurti funkciją, kuri skaitytų duomenis.</li><li>Reikia sukurti funkciją, kuri apskaičiuotų kiek mokinių gaus dovanų.</li><li>Reikia sukurti funkciją, kuri gražintų saldainių dėžutės kainą ir visą reikalingą pinigų sumą.</li></ul></string>
		</description>
		<aggregationLevel uniqueElementName="aggregationLevel">
			<source uniqueElementName="source">LOM-ESv1.0</source>
			<value uniqueElementName="value">2</value>
		</aggregationLevel>
	</general>
	<lifeCycle>
		<contribute>
			<role uniqueElementName="role">
				<source uniqueElementName="source">LOM-ESv1.0</source>
				<value uniqueElementName="value">author</value>
			</role>
			<entity>BEGIN:VCARD VERSION:3.0 FN:Tomas Blažauskas EMAIL;TYPE=INTERNET: ORG: END:VCARD</entity>
			<date>
				<dateTime uniqueElementName="dateTime">2021-01-07T16:49:22.00+02:00</dateTime>
				<description>
					<string language="lt">Metadata creation date</string>
				</description>
			</date>
		</contribute>
	</lifeCycle>
	<metaMetadata uniqueElementName="metaMetadata">
		<contribute>
			<role uniqueElementName="role">
				<source uniqueElementName="source">LOM-ESv1.0</source>
				<value uniqueElementName="value">creator</value>
			</role>
			<entity>BEGIN:VCARD VERSION:3.0 FN:Tomas Blažauskas EMAIL;TYPE=INTERNET: ORG: END:VCARD</entity>
			<date>
				<dateTime uniqueElementName="dateTime">2021-01-07T16:48:12.00+02:00</dateTime>
				<description>
					<string language="en">Metadata creation date</string>
				</description>
			</date>
		</contribute>
		<metadataSchema>LOM-ESv1.0</metadataSchema>
		<language>en</language>
	</metaMetadata>
	<technical uniqueElementName="technical">
		<otherPlatformRequirements>
			<string language="en">editor: hands</string>
		</otherPlatformRequirements>
	</technical>
	<educational>
		<intendedEndUserRole>
			<source uniqueElementName="source">LOM-ESv1.0</source>
			<value uniqueElementName="value">learner</value>
		</intendedEndUserRole>
		<context>
			<source uniqueElementName="source">LOM-ESv1.0</source>
			<value uniqueElementName="value">presencial</value>
		</context>
		<context>
			<source uniqueElementName="source">LOM-ESv1.0</source>
			<value uniqueElementName="value">classroom</value>
		</context>
		<language>en</language>
	</educational>
	<rights uniqueElementName="rights">
		<copyrightAndOtherRestrictions uniqueElementName="copyrightAndOtherRestrictions">
			<source uniqueElementName="source">LOM-ESv1.0</source>
			<value uniqueElementName="value">public domain</value>
		</copyrightAndOtherRestrictions>
		<access uniqueElementName="access">
			<accessType uniqueElementName="accessType">
				<source uniqueElementName="source">LOM-ESv1.0</source>
				<value uniqueElementName="value">universal</value>
			</accessType>
			<description>
				<string language="lt">Default</string>
			</description>
		</access>
	</rights>
</lom>