<?xml version="1.0" encoding="utf-8"?>
<task id="task_17816034">
    <course>Pitono pamokėlės 2</course>
    <title>Staigmena</title>
    <short>Staigmena</short>
    <description><![CDATA[<p>Mokslo metų pabaigos šventei Antanas sugalvojo padaryti staigmeną klasės draugams. Jis kompiuteriu atsitiktinai sugeneravo n (n &lt;= 100) natūraliųjų skaičių ir padarė korteles su tais skaičiais. Kiekvieno kortelę ištraukusio draugo laukia staigmena: atvirukas, kalendoriukas, saldainis ir pan.</p><p>Antanas draugams korteles davė ištraukti prieš mokslo metų pabaigą, ant skirtingų popieriaus skiaučių užsirašė, kuris draugas kurią kortelę ištraukė, tačiau vieną popieriaus skiautę su ant kortelių surašytais skaičiais ir draugų vardais pametė. Popieriaus skiautę surado tik paskutinį vakarą prieš mokslo metų pabaigą. Tai buvo stagimena pačiam Antanui. Jam reikia įterpti rastoje skiautėje įrašytus kortelių numerius į jau esamą sąrašą, kad žinotų, kokią staigmeną kuriam draugui padaryti. Pirminiame Antano sąraše kortelės surašytos taip, kad ant jų užrašyti skaičiai yra išdėstyti didėjančiai.</p><p>Parašykite programą, kuri į esamą sąrašą reikiamose vietose įterptų ant rastos popieriaus skiautės surašytus duomenis. Pradinių duomenų failo <strong>Duomenys.txt</strong> pirmoje eilutėje eilutėje išvardinti ant kortelių surašyti skaičiai didėjimo tvarka. Antroje failo eilutėje – kokie skaičiai užrašyti ant kortelių surastoje popieriaus skiautėje. Skaičiai išdėstyti atsitiktine tvarka.&nbsp;</p><p>Rezultatų faile <strong>Rezultatai.txt</strong> turi būti išvestas galutinis sąrašas, gautas įterpus į pirminį sąrašą duomenis iš popieriaus skiautės. Vienai kortelei skiriama viena eilutė.</p><p><strong>Reikalavimai programai</strong></p><ul><li>Naudokite sąrašus/masyvus.</li><li>Naudokite funkcijas programos struktūrizavimui.</li><li>Negalima formuoti naujo sąrašo. Ant popieriaus skiautės surašyti duomenys turi būti įterpti į pradinį sąrašą.</li></ul>]]></description>
    <example><![CDATA[<figure class="table" style="width:100%;"><table class="ck-table-resized"><colgroup><col style="width:48.78%;"><col style="width:51.22%;"></colgroup><tbody><tr><td><strong>Duomenys.txt &nbsp; &nbsp; &nbsp; &nbsp; &nbsp; &nbsp; &nbsp; &nbsp; &nbsp; &nbsp; &nbsp; &nbsp; &nbsp; &nbsp; &nbsp;</strong></td><td><strong>&nbsp;Rezultatai.txt &nbsp; &nbsp; &nbsp; &nbsp; &nbsp; &nbsp; &nbsp;&nbsp;</strong></td></tr><tr><td>5 8 9 12 15<br>7 14 12</td><td>5<br>7<br>8<br>9<br>12<br>12<br>14<br>15</td></tr></tbody></table></figure>]]></example>
    <skeleton><![CDATA[

]]></skeleton>
    <drops><![CDATA[]]></drops>
    <language>lt</language>
    <programming_language>python</programming_language>
    <menu_position>top</menu_position>
    <author>Tomas Blažauskas</author>
    <score>80</score>
    <show_title>1</show_title>
    <show_description>1</show_description>
    <show_examples>1</show_examples>
    <show_icons>0</show_icons>
    <small_icons>0</small_icons>
    <use_drops>0</use_drops>
    <use_hints>0</use_hints>
    <use_ai>1</use_ai>
    <use_explanations>1</use_explanations>
    <use_corrections>0</use_corrections>
    <use_reviews>0</use_reviews>
    <hints>
        
    </hints>
    <show_tests>1</show_tests>
    <show_files>1</show_files>
    <files>
        <file filename="Duomenys.txt"><![CDATA[5 8 9 12 15
7 14 12]]></file>

    </files>
    <button_new>0</button_new>
    <button_run>1</button_run>
    <button_assess>1</button_assess>
    <button_stop>1</button_stop>
    <button_clear>1</button_clear>
    <button_upload>0</button_upload>
    <button_download>0</button_download>
</task>