<?xml version="1.0" encoding="UTF-8"?>
<lom xmlns="http://ltsc.ieee.org/xsd/LOM" xmlns:xsi="http://www.w3.org/2001/XMLSchema-instance" xsi:schemaLocation="http://ltsc.ieee.org/xsd/LOM lomCustom.xsd">
	<general uniqueElementName="general">
		<identifier>
			<catalog uniqueElementName="catalog">Pitono pamokėlės</catalog>
			<entry uniqueElementName="entry">4a7d755e-34a5-410a-a7d4</entry>
		</identifier>
		<title>
			<string language="en">Dovana</string>
		</title>
		<language>en</language>
		<description>
			<string language="en"><p>Kęstutis ruošiasi į Justo gimtadienį. Justas labai mėgsta žaisti futbolą, todėl Kęstutis nupirko futbolo kamuolį, kurio skersmuo <strong>d</strong> centimetrų ir nusprendė jį įdėti į gražią stačiakampio gretasienio formos dėžutę, kurios aukštis yra <strong>a</strong>, ilgis – <strong>b</strong>, o plotis – <strong>c</strong> centimetrų. Parašykite programą, kuri ekrane parodytų pranešimą „<strong>Kamuolys tilps į dėžutę</strong>“, jei kamuolys į dėžutę tilps, arba „<strong>Kamuolys į dėžutę netilps</strong>“, jei kamuolys į dėžutę netilps. Duomenys sveikieji skaičiai.&nbsp;</p><p><i>Pasitikrinkite</i>:&nbsp;</p><p>Kai <strong>a = 10</strong>, <strong>b = 30</strong>, <strong>c = 100</strong>, <strong>d = 70</strong>, tuomet ekrane turi būti rodomas pranešimas: <strong>Kamuolys į dėžutę netilps</strong>.</p><p>Kai <strong>a = 100</strong>, <strong>b = 75</strong>, <strong>c = 80</strong>, <strong>d = 70</strong>, tuomet ekrane turi būti rodomas pranešimas: <strong>Kamuolys tilps į dėžutę</strong>.</p></string>
		</description>
		<aggregationLevel uniqueElementName="aggregationLevel">
			<source uniqueElementName="source">LOM-ESv1.0</source>
			<value uniqueElementName="value">2</value>
		</aggregationLevel>
	</general>
	<lifeCycle>
		<contribute>
			<role uniqueElementName="role">
				<source uniqueElementName="source">LOM-ESv1.0</source>
				<value uniqueElementName="value">author</value>
			</role>
			<entity>BEGIN:VCARD VERSION:3.0 FN:Tomas Blažauskas EMAIL;TYPE=INTERNET: ORG: END:VCARD</entity>
			<date>
				<dateTime uniqueElementName="dateTime">2021-01-07T16:49:22.00+02:00</dateTime>
				<description>
					<string language="lt">Metadata creation date</string>
				</description>
			</date>
		</contribute>
	</lifeCycle>
	<metaMetadata uniqueElementName="metaMetadata">
		<contribute>
			<role uniqueElementName="role">
				<source uniqueElementName="source">LOM-ESv1.0</source>
				<value uniqueElementName="value">creator</value>
			</role>
			<entity>BEGIN:VCARD VERSION:3.0 FN:Tomas Blažauskas EMAIL;TYPE=INTERNET: ORG: END:VCARD</entity>
			<date>
				<dateTime uniqueElementName="dateTime">2021-01-07T16:48:12.00+02:00</dateTime>
				<description>
					<string language="en">Metadata creation date</string>
				</description>
			</date>
		</contribute>
		<metadataSchema>LOM-ESv1.0</metadataSchema>
		<language>en</language>
	</metaMetadata>
	<technical uniqueElementName="technical">
		<otherPlatformRequirements>
			<string language="en">editor: hands</string>
		</otherPlatformRequirements>
	</technical>
	<educational>
		<intendedEndUserRole>
			<source uniqueElementName="source">LOM-ESv1.0</source>
			<value uniqueElementName="value">learner</value>
		</intendedEndUserRole>
		<context>
			<source uniqueElementName="source">LOM-ESv1.0</source>
			<value uniqueElementName="value">presencial</value>
		</context>
		<context>
			<source uniqueElementName="source">LOM-ESv1.0</source>
			<value uniqueElementName="value">classroom</value>
		</context>
		<language>en</language>
	</educational>
	<rights uniqueElementName="rights">
		<copyrightAndOtherRestrictions uniqueElementName="copyrightAndOtherRestrictions">
			<source uniqueElementName="source">LOM-ESv1.0</source>
			<value uniqueElementName="value">public domain</value>
		</copyrightAndOtherRestrictions>
		<access uniqueElementName="access">
			<accessType uniqueElementName="accessType">
				<source uniqueElementName="source">LOM-ESv1.0</source>
				<value uniqueElementName="value">universal</value>
			</accessType>
			<description>
				<string language="lt">Default</string>
			</description>
		</access>
	</rights>
</lom>