<?xml version="1.0" encoding="utf-8"?>
<task id="task_18519723">
    <course>Pitono pamokėlės</course>
    <title>Kambario tvarkymas</title>
    <short>Kambario tvarkymas</short>
    <description><![CDATA[<p>&nbsp;Du broliai nesutaria, kuriam tvarkyti kambarį. Jie meta kauliuką. Jei iškrenta skaičius 1, 3 arba 5 – kambarį tvarko jaunėlis, jei 2, 4 arba 6 – vyresnėlis. Parašykite programą, kuri įvedus iškritusį skaičių, ekrane rodytų pranešimą „Kambarį tvarkys jaunėlis.“, arba „Kambarį tvarkys vyresnėlis.“.&nbsp;</p><p>Pasitikrinkite:&nbsp;</p><ul><li>Kai <strong>k = 1</strong>, tuomet ekrane turi būti rodomas pranešimas: <strong>Kambarį tvarkys jaunėlis</strong>.</li><li>Kai &nbsp;<strong>k = 4</strong>, tuomet ekrane turi būti rodomas pranešimas: <strong>Kambarį tvarkys vyresnėlis</strong>.</li></ul>]]></description>
    <example><![CDATA[<p><strong>Įvestis</strong>:</p><p>Koks iškrito skaičius? 1</p><p><strong>Išvestis</strong>:</p><p>Kambarį tvarkys jaunėlis.</p>]]></example>
    <skeleton><![CDATA[# Toliau rašykite kodą...
]]></skeleton>
    <drops><![CDATA[]]></drops>
    <language>lt</language>
    <menu_position>top</menu_position>
    <author>Tomas Blažauskas</author>
    <score>60</score>
    <show_title>1</show_title>
    <show_description>1</show_description>
    <show_examples>1</show_examples>
    <show_icons>0</show_icons>
    <small_icons>0</small_icons>
    <use_drops>0</use_drops>
    <use_hints>0</use_hints>
    <use_ai>1</use_ai>
    <use_explanations>1</use_explanations>
    <use_corrections>0</use_corrections>
    <use_reviews>0</use_reviews>
    <hints>
        
    </hints>
    <show_tests>1</show_tests>
    <show_files>0</show_files>
    <files>
        
    </files>
    <button_new>0</button_new>
    <button_run>1</button_run>
    <button_assess>1</button_assess>
    <button_stop>1</button_stop>
    <button_clear>1</button_clear>
    <button_upload>0</button_upload>
    <button_download>0</button_download>
</task>