<?xml version="1.0" encoding="utf-8"?>
<task id="pitono_pamokeles_zlaimikis_1">
    <course>Pitono pamokėlės</course>
    <title>Žvejo laimikis</title>
    <short>Žvejo laimikis</short>
    <description><![CDATA[<p>Žvejys pagavo <strong>k</strong> vidutinio dydžio karosų, kurių vienas sveria <strong>e</strong> kilogramų, <strong>m</strong> vidutinio dydžio ešerių, kurių vienas sveria <strong>n</strong> kilogramų ir <strong>x</strong> aukšlių, kurių viena sveria <strong>y</strong> kilogramų.&nbsp;</p><p>Parašykite programą, skaičiuojančią, kiek kilogramų žuvies iš viso pagavo žvejys. Atsakyme išveskite du skaitmenis po kablelio.</p><p><i>Pasitikrinkite</i>: kai <strong>k = 5</strong>, <strong>e = 1.5</strong>, <strong>m = 7</strong>, <strong>n = 0.45</strong>, <strong>x = 12</strong>, <strong>y = 0.09</strong>, tuomet žvejys iš viso pagavo <strong>11.73</strong> kg. žuvies.</p>]]></description>
    <example><![CDATA[<p><strong>Įvestis</strong>:</p><p>Kiek karosų pagavo žvejas? 5</p><p>Kiek vidutiniškai sveria vienas karosas? 1.5</p><p>Kiek ešerių pagavo žvejas? 7</p><p>Kiek vidutiniškai sveria vienas ešerys? 0.45</p><p>Kiek aukšlių pagavo žvejas? 12</p><p>Kiek vidutiniškai sveria viena aukšlė? 0.09</p><p><strong>Išvestis</strong>:</p><p>11.73</p>]]></example>
    <skeleton><![CDATA[# Toliau rašykite kodą...
]]></skeleton>
    <language>lt</language>
    <menu_position>top</menu_position>
    <author>Tomas Blažauskas</author>
    <score>60</score>
    <show_title>1</show_title>
    <show_description>1</show_description>
    <show_examples>1</show_examples>
    <show_icons>0</show_icons>
    <small_icons>0</small_icons>
    <show_tests>1</show_tests>
    <show_files>0</show_files>
    <files>
        
    </files>
    <button_new>0</button_new>
    <button_run>1</button_run>
    <button_assess>1</button_assess>
    <button_stop>1</button_stop>
    <button_clear>0</button_clear>
    <button_upload>0</button_upload>
    <button_download>0</button_download>
</task>