<?xml version="1.0" encoding="utf-8"?>
<task id="pitono_pamokeles_atkarpos_ilgis_1">
    <course>Pitono pamokėlės</course>
    <title>Atkarpos ilgis</title>
    <short>Atkarpos ilgis</short>
    <description><![CDATA[<p>Klaviatūra įvedami keturi skaičiai, kurie reiškia atkarpos, nubrėžtos koordinačių plokštumoje, galų taškų A (x1; y1) ir B (x2; y2) koordinates. Parašykite programą, skaičiuojančią atkarpos AB ilgį. Atsakyme palikite 2 skaičius po kablelio.</p><p>Norėdami išspręsti šį uždavinį susiraskite kaip apskaičiuoti atstumą tarp dviejų taškų.</p><p><i>Pasitikrinkite</i>: kai <strong>x1 = 0</strong>, <strong>y1 = 0</strong>, <strong>x2 = 0</strong>, <strong>y2 = 5</strong>, turi būti spausdinama: Atkarpos AB ilgis yra lygus <strong>5.00</strong> vnt.</p>]]></description>
    <example><![CDATA[<p><strong>Įvestis</strong>:</p><p>Įveskite x1: 0</p><p>Įveskite y1: 0</p><p>Įveskite x2: 0</p><p>Įveskite y2: 5</p><p><strong>Išvestis</strong>:</p><p>5.00</p>]]></example>
    <skeleton><![CDATA[# Toliau rašykite kodą...
]]></skeleton>
    <language>lt</language>
    <menu_position>top</menu_position>
    <author>Tomas Blažauskas</author>
    <score>60</score>
    <show_title>1</show_title>
    <show_description>1</show_description>
    <show_examples>1</show_examples>
    <show_icons>0</show_icons>
    <small_icons>0</small_icons>
    <show_tests>1</show_tests>
    <show_files>0</show_files>
    <files>
        
    </files>
    <button_new>0</button_new>
    <button_run>1</button_run>
    <button_assess>1</button_assess>
    <button_stop>1</button_stop>
    <button_clear>0</button_clear>
    <button_upload>0</button_upload>
    <button_download>0</button_download>
</task>