<?xml version="1.0" encoding="utf-8"?>
<task id="task_23298829">
    <course>Pitono pamokėlės</course>
    <title>Daugybos lentelė</title>
    <short>Daugybos lentelė</short>
    <description><![CDATA[<p>Parenkite programą, spausdinančią skaičiaus dviejų daugybos lentelę nuo 1 iki 10.</p>]]></description>
    <example><![CDATA[<p>Teisingai išsprendę uždavinį, ekrane turėtumėte matyti:</p><p>2 x 1 = 2<br>2 x 2 = 4<br>2 x 3 = 6<br>2 x 4 = 8<br>2 x 5 = 10<br>2 x 6 = 12<br>2 x 7 = 14<br>2 x 8 = 16<br>2 x 9 = 18<br>2 x 10 = 20</p>]]></example>
    <skeleton><![CDATA[# Toliau rašykite kodą...]]></skeleton>
    <drops><![CDATA[]]></drops>
    <language>lt</language>
    <menu_position>top</menu_position>
    <author>Tomas Blažauskas</author>
    <score>100</score>
    <show_title>1</show_title>
    <show_description>1</show_description>
    <show_examples>1</show_examples>
    <show_icons>0</show_icons>
    <small_icons>0</small_icons>
    <use_drops>0</use_drops>
    <show_tests>1</show_tests>
    <show_files>0</show_files>
    <files>
        
    </files>
    <button_new>0</button_new>
    <button_run>1</button_run>
    <button_assess>1</button_assess>
    <button_stop>1</button_stop>
    <button_clear>0</button_clear>
    <button_upload>0</button_upload>
    <button_download>0</button_download>
</task>