<?xml version="1.0" encoding="UTF-8"?>
<lom xmlns="http://ltsc.ieee.org/xsd/LOM" xmlns:xsi="http://www.w3.org/2001/XMLSchema-instance" xsi:schemaLocation="http://ltsc.ieee.org/xsd/LOM lomCustom.xsd">
	<general uniqueElementName="general">
		<identifier>
			<catalog uniqueElementName="catalog">Pitono pamokėlės 2</catalog>
			<entry uniqueElementName="entry">4a7d755e-34a5-410a-a7d4</entry>
		</identifier>
		<title>
			<string language="en">Protmūšis</string>
		</title>
		<language>en</language>
		<description>
			<string language="en"><p>Protmūšyje dalyvauja <strong>n</strong> komandų. Kiekviena komanda turėjo atsakyti į <strong>m</strong> klausimų. Pradinių duomenų failo <strong>Duomenys.txt</strong> eilutėse (eilučių kiekis nusako komandų kiekį <strong>n</strong>) įrašytas komandos pavadinimas (jį sudaro vienas žodis) ir <strong>m</strong> sveikųjų skaičių: <strong>0</strong> – jei į klausimą komanda neatsakė, <strong>1</strong> – jei komanda į klausimą atsakė teisingai.</p><p>Parašykite programą, kuri į rezultatų failą <strong>Rezultatai.txt</strong> išvestų rezultatus, kaip pateikta pavyzdyje: nurodomas komandos pavadinimas, bei į kelis klausimus komandos atsakė teisingai ir į kelis klaidingai. Toliau faile surašomas komandų, <strong>atsakiusių į daugiau kaip pusę klausimų teisingai</strong>, sąrašas. Jei nėra tokių komandų, tuomet faile turi būti įrašytas žodis „<strong>Nėra</strong>“ (žr. 2 duomenų ir rezultatų rinkinį). &nbsp;</p><p><strong>Reikalavimai programai</strong></p><ul><li>Naudokite sąrašus/masyvus.</li><li>Naudokite funkcijas programos struktūrizavimui.</li></ul></string>
		</description>
		<aggregationLevel uniqueElementName="aggregationLevel">
			<source uniqueElementName="source">LOM-ESv1.0</source>
			<value uniqueElementName="value">2</value>
		</aggregationLevel>
	</general>
	<lifeCycle>
		<contribute>
			<role uniqueElementName="role">
				<source uniqueElementName="source">LOM-ESv1.0</source>
				<value uniqueElementName="value">author</value>
			</role>
			<entity>BEGIN:VCARD VERSION:3.0 FN:Tomas Blažauskas EMAIL;TYPE=INTERNET: ORG: END:VCARD</entity>
			<date>
				<dateTime uniqueElementName="dateTime">2021-01-07T16:49:22.00+02:00</dateTime>
				<description>
					<string language="lt">Metadata creation date</string>
				</description>
			</date>
		</contribute>
	</lifeCycle>
	<metaMetadata uniqueElementName="metaMetadata">
		<contribute>
			<role uniqueElementName="role">
				<source uniqueElementName="source">LOM-ESv1.0</source>
				<value uniqueElementName="value">creator</value>
			</role>
			<entity>BEGIN:VCARD VERSION:3.0 FN:Tomas Blažauskas EMAIL;TYPE=INTERNET: ORG: END:VCARD</entity>
			<date>
				<dateTime uniqueElementName="dateTime">2021-01-07T16:48:12.00+02:00</dateTime>
				<description>
					<string language="en">Metadata creation date</string>
				</description>
			</date>
		</contribute>
		<metadataSchema>LOM-ESv1.0</metadataSchema>
		<language>en</language>
	</metaMetadata>
	<technical uniqueElementName="technical">
		<otherPlatformRequirements>
			<string language="en">editor: hands</string>
		</otherPlatformRequirements>
	</technical>
	<educational>
		<intendedEndUserRole>
			<source uniqueElementName="source">LOM-ESv1.0</source>
			<value uniqueElementName="value">learner</value>
		</intendedEndUserRole>
		<context>
			<source uniqueElementName="source">LOM-ESv1.0</source>
			<value uniqueElementName="value">presencial</value>
		</context>
		<context>
			<source uniqueElementName="source">LOM-ESv1.0</source>
			<value uniqueElementName="value">classroom</value>
		</context>
		<language>en</language>
	</educational>
	<rights uniqueElementName="rights">
		<copyrightAndOtherRestrictions uniqueElementName="copyrightAndOtherRestrictions">
			<source uniqueElementName="source">LOM-ESv1.0</source>
			<value uniqueElementName="value">public domain</value>
		</copyrightAndOtherRestrictions>
		<access uniqueElementName="access">
			<accessType uniqueElementName="accessType">
				<source uniqueElementName="source">LOM-ESv1.0</source>
				<value uniqueElementName="value">universal</value>
			</accessType>
			<description>
				<string language="lt">Default</string>
			</description>
		</access>
	</rights>
</lom>