<?xml version="1.0" encoding="utf-8"?>
<task id="task_95351594">
    <course>Pitono kursas 2</course>
    <title>Sodinukai</title>
    <short>Sodinukai</short>
    <description><![CDATA[<p>Pranas augina medelių sodinukus, kuriuos po to parduoda kitiems sodininkams. Parduoti skirti sodinukai turi būti ne žemesni už <strong>a1</strong> centimetrų ir ne aukštesni už <strong>a2</strong> centimetrų. Prano medelyne auga n sodinukų. Rengdamasis rudeninei mugei Pranas išmatavo kiekvieno sodinuko aukštį ir surašė duomenis faile <strong>sodinukai_data.txt</strong>. Pirmoje eilutėje – <strong>du</strong> sveikieji skaičiai a1 ir a2, nurodantys, kokiame aukščių intervale, įskaitant intervalo galus, yra parduoti tinkamų sodinukų aukščiai. Kitose failo eilutėse įrašyti sodinukų aukščiai (sveikieji skaičiai). Jei mugei tinkamų sodinukų nėra, turi būti žodis NE. Parašykite programą, kuri rezultatų faile <strong>sodinukai_res.txt</strong> išsaugotų:</p><ul><li>vidutinį visų medelyne augančių sodinukų aukštį vieno skaitmens po kablelio tikslumu;</li><li>sodinukų, atrinktų rudeninei mugei, skaičių;</li><li>atrinktų sodinukų vidutinį aukštį vieno skaitmens po kablelio tikslumu;</li><li>pateiktų rudeninei mugei atrinktų sodinukų aukščių sąrašą vienoje eilutėje.</li></ul><p><strong>Reikalavimai programai</strong></p><p>Duomenims saugoti naudokite sąrašus.</p><ul><li>Sukurkite pradinių duomenų skaitymo funkciją.</li><li>Sukurkite funkciją atrinkti_sodinukus(), kuri sudeda į naują sąrašą rudeninei mugei atrinktus sodinukus.</li><li>Sukurkite funkciją skaiciuoti_sodinuku_vidurki(), kuri gražina apskaičiuotą vidutinį sodinuko aukštį. Į funkciją kreiptis 2 kartus: su visų sodinukų ir su atrinktų mugei sodinukų sąrašais.</li><li>Sukurti rezultatų rašymo į failą funkciją.&nbsp;</li></ul>]]></description>
    <example><![CDATA[<figure class="table" style="width:75.83%;"><table class="ck-table-resized"><colgroup><col style="width:47.94%;"><col style="width:52.06%;"></colgroup><tbody><tr><td><strong>sodinukai_data.txt &nbsp;&nbsp;</strong></td><td><strong>sodinukai_res.txt&nbsp;</strong></td></tr><tr><td>50 60<br>53<br>45<br>56<br>54<br>56</td><td>52.8<br>4<br>54.8<br>53 56 54 56&nbsp;</td></tr></tbody></table></figure>]]></example>
    <skeleton><![CDATA[# Žemiau rašykite kodą
]]></skeleton>
    <drops><![CDATA[]]></drops>
    <language>lt</language>
    <programming_language>python</programming_language>
    <menu_position>top</menu_position>
    <author>Tomas Blažauskas</author>
    <score>80</score>
    <show_title>1</show_title>
    <show_description>1</show_description>
    <show_examples>1</show_examples>
    <show_icons>0</show_icons>
    <small_icons>0</small_icons>
    <use_drops>0</use_drops>
    <use_hints>0</use_hints>
    <use_ai>1</use_ai>
    <use_explanations>1</use_explanations>
    <use_corrections>0</use_corrections>
    <use_reviews>0</use_reviews>
    <hints>
        
    </hints>
    <show_tests>1</show_tests>
    <show_files>1</show_files>
    <files>
        <file filename="sodinukai_data.txt"><![CDATA[50 60
53
45
56
54
56]]></file>

    </files>
    <button_new>0</button_new>
    <button_run>1</button_run>
    <button_assess>1</button_assess>
    <button_stop>1</button_stop>
    <button_clear>1</button_clear>
    <button_upload>0</button_upload>
    <button_download>0</button_download>
</task>