<?xml version="1.0" encoding="utf-8"?>
<task id="task_88188112">
    <course>Pitono pamokėlės 2</course>
    <title>Vairuotojų pažymėjimai</title>
    <short>Vairuotojų pažymėjimai</short>
    <description><![CDATA[<p>Regitra turi duomenis apie vairuotojų pažymėjimų išdavimo datą. Pažymėjimų išduota n (2 &nbsp;≤ n ≤ 100). Pažymėjimas laikomas nebegaliojančiu jei jis išduotas daugiau nei prieš 10 metų. Parenkite programą, kuri:</p><p>nebegaliojančius pažymėjimus pašalintų iš duomenų bazės;</p><p>sudarytų sąrašą savininkų, kurios reikia informuoti apie tai, kad jiems reikia atvykti ir užsisakyti naujus pažymėjimus.</p><p><strong>Pradiniai duomenys</strong>. Duomenų failo <strong>Duomenys.txt</strong> pirmoje eilutėje pateikta patikros data: metai, mėnuo, diena. Tolesnėse eilutėse įvedamas vairuotojo asmens kodas ir data, kada išduotas pažymėjimas: metai, mėnuo, diena. Vienam pažymėjimui skiriama viena eilutė.</p><p><strong>Rezultatai</strong>. Išveskite rezultatus į rezultatų failą <strong>Rezultatai.txt</strong>. Pirmoje eilutėje išvedamas galiojančių pažymėjimų savininkų asmens kodai, gauti iš pradinių duomenų sąrašo pašalinus negaliojančius. Asmens kodai vienas nuo kito atskiriami tarpais. Antroje eilutėje – naujai suformuotas savininkų, kurios reikia informuoti, sąrašas. Asmens kodai vienas nuo kito atskiriami tarpais. Jei kuriame nors sąraše nėra nė vieno asmens, turi būti žodis <strong>Nėra</strong>.&nbsp;</p><p><strong>Reikalavimai programai</strong></p><ul><li>Naudokite sąrašus/masyvus.</li><li>Naudokite funkcijas programos struktūrizavimui.</li></ul>]]></description>
    <example><![CDATA[<figure class="table" style="width:100%;"><table class="ck-table-resized"><colgroup><col style="width:48.78%;"><col style="width:51.22%;"></colgroup><tbody><tr><td><strong>Duomenys.txt &nbsp; &nbsp; &nbsp; &nbsp; &nbsp; &nbsp; &nbsp; &nbsp; &nbsp; &nbsp; &nbsp; &nbsp; &nbsp; &nbsp; &nbsp;</strong></td><td><strong>&nbsp;Rezultatai.txt &nbsp; &nbsp; &nbsp; &nbsp; &nbsp; &nbsp; &nbsp;&nbsp;</strong></td></tr><tr><td>2017 01 25<br>45612150012 2001 12 15<br>36601191475 2016 01 12</td><td>Galiojantys:<br>36601191475 2016 01 12<br>Negaliojantys:<br>45612150012 2001 12 15&nbsp;</td></tr><tr><td>2017 01 25<br>45612150012 2001 12 15<br>36601191475 2006 01 12&nbsp;</td><td>Galiojantys:<br>Nėra<br>Negaliojantys:&nbsp;<br>45612150012 2001 12 15<br>36601191475 2006 01 12</td></tr></tbody></table></figure>]]></example>
    <skeleton><![CDATA[

]]></skeleton>
    <drops><![CDATA[]]></drops>
    <language>lt</language>
    <programming_language>python</programming_language>
    <menu_position>top</menu_position>
    <author>Tomas Blažauskas</author>
    <score>80</score>
    <show_title>1</show_title>
    <show_description>1</show_description>
    <show_examples>1</show_examples>
    <show_icons>0</show_icons>
    <small_icons>0</small_icons>
    <use_drops>0</use_drops>
    <use_hints>0</use_hints>
    <use_ai>1</use_ai>
    <use_explanations>1</use_explanations>
    <use_corrections>0</use_corrections>
    <use_reviews>0</use_reviews>
    <hints>
        
    </hints>
    <show_tests>1</show_tests>
    <show_files>1</show_files>
    <files>
        <file filename="Duomenys.txt"><![CDATA[2017 01 25
45612150012 2001 12 15
36601191475 2016 01 12]]></file>

    </files>
    <button_new>0</button_new>
    <button_run>1</button_run>
    <button_assess>1</button_assess>
    <button_stop>1</button_stop>
    <button_clear>1</button_clear>
    <button_upload>0</button_upload>
    <button_download>0</button_download>
</task>