<?xml version="1.0" encoding="UTF-8"?>
<lom xmlns="http://ltsc.ieee.org/xsd/LOM" xmlns:xsi="http://www.w3.org/2001/XMLSchema-instance" xsi:schemaLocation="http://ltsc.ieee.org/xsd/LOM lomCustom.xsd">
	<general uniqueElementName="general">
		<identifier>
			<catalog uniqueElementName="catalog">Pitono pamokėlės 2</catalog>
			<entry uniqueElementName="entry">4a7d755e-34a5-410a-a7d4</entry>
		</identifier>
		<title>
			<string language="en">Seka 153</string>
		</title>
		<language>en</language>
		<description>
			<string language="en"><p>Pirmasis sekos narys – natūralusis skaičius, kuris dalosi iš <strong>3</strong>. Kiekvienas tolesnis sekos narys lygus prieš tai buvusio nario skaitmenų kubų sumai.</p><p>Įdomu tai, kad skaičius <strong>153</strong> būtinai yra tokios sekos narys. Ir visi tolimesni sekos nariai sutampa: 153 = 1<sup>3</sup> + 5<sup>3</sup> + 3<sup>3</sup>;</p><p><strong>Užduotis</strong>. Duotas pirmasis sekos narys. Nustatykite, kelintas sekos narys bus skaičius 153. Duomuo skaitomas iš failo <strong>Duomenys.txt</strong>. Rezultatas pateikiamas faile <strong>Rezultatai.txt</strong>.&nbsp;</p><p><strong>Pavyzdys</strong>. Jei pirmasis sekos narys lygus 33, tai seka bus tokia:</p><p>s<sub>1</sub> = 33;<br>s<sub>2</sub> = 54 = 3<sup>3</sup>+3<sup>3</sup>;<br>s<sub>3</sub> = 189 = 5<sup>3</sup>+4<sup>3</sup>;<br>s<sub>4</sub> = 1242 = 1<sup>3</sup>+8<sup>3</sup>+9<sup>3</sup>;<br>s<sub>5</sub> = 81 = 1<sup>3</sup>+2<sup>3</sup>+4<sup>3</sup>+2<sup>3</sup>;<br>s<sub>6</sub> = 513 = 8<sup>3</sup>+1<sup>3</sup>;<br>s<sub>7</sub> = 153 = 5<sup>3</sup>+1<sup>3</sup>+3<sup>3</sup>;</p><p>Taigi rezultatas turėtų būti lygus 7.&nbsp;</p><p><strong>Reikalavimai programai</strong></p><ul><li>Reikia sukurti funkciją, kuri apskaičiuotų skaičiaus skaitmenų, pakeltų kubu, sumą.</li></ul></string>
		</description>
		<aggregationLevel uniqueElementName="aggregationLevel">
			<source uniqueElementName="source">LOM-ESv1.0</source>
			<value uniqueElementName="value">2</value>
		</aggregationLevel>
	</general>
	<lifeCycle>
		<contribute>
			<role uniqueElementName="role">
				<source uniqueElementName="source">LOM-ESv1.0</source>
				<value uniqueElementName="value">author</value>
			</role>
			<entity>BEGIN:VCARD VERSION:3.0 FN:Tomas Blažauskas EMAIL;TYPE=INTERNET: ORG: END:VCARD</entity>
			<date>
				<dateTime uniqueElementName="dateTime">2021-01-07T16:49:22.00+02:00</dateTime>
				<description>
					<string language="lt">Metadata creation date</string>
				</description>
			</date>
		</contribute>
	</lifeCycle>
	<metaMetadata uniqueElementName="metaMetadata">
		<contribute>
			<role uniqueElementName="role">
				<source uniqueElementName="source">LOM-ESv1.0</source>
				<value uniqueElementName="value">creator</value>
			</role>
			<entity>BEGIN:VCARD VERSION:3.0 FN:Tomas Blažauskas EMAIL;TYPE=INTERNET: ORG: END:VCARD</entity>
			<date>
				<dateTime uniqueElementName="dateTime">2021-01-07T16:48:12.00+02:00</dateTime>
				<description>
					<string language="en">Metadata creation date</string>
				</description>
			</date>
		</contribute>
		<metadataSchema>LOM-ESv1.0</metadataSchema>
		<language>en</language>
	</metaMetadata>
	<technical uniqueElementName="technical">
		<otherPlatformRequirements>
			<string language="en">editor: hands</string>
		</otherPlatformRequirements>
	</technical>
	<educational>
		<intendedEndUserRole>
			<source uniqueElementName="source">LOM-ESv1.0</source>
			<value uniqueElementName="value">learner</value>
		</intendedEndUserRole>
		<context>
			<source uniqueElementName="source">LOM-ESv1.0</source>
			<value uniqueElementName="value">presencial</value>
		</context>
		<context>
			<source uniqueElementName="source">LOM-ESv1.0</source>
			<value uniqueElementName="value">classroom</value>
		</context>
		<language>en</language>
	</educational>
	<rights uniqueElementName="rights">
		<copyrightAndOtherRestrictions uniqueElementName="copyrightAndOtherRestrictions">
			<source uniqueElementName="source">LOM-ESv1.0</source>
			<value uniqueElementName="value">public domain</value>
		</copyrightAndOtherRestrictions>
		<access uniqueElementName="access">
			<accessType uniqueElementName="accessType">
				<source uniqueElementName="source">LOM-ESv1.0</source>
				<value uniqueElementName="value">universal</value>
			</accessType>
			<description>
				<string language="lt">Default</string>
			</description>
		</access>
	</rights>
</lom>