<?xml version="1.0" encoding="utf-8"?>
<task id="task_97034236">
    <course>Pitono pamokėlės 2</course>
    <title>Disko metimo varžybos</title>
    <short>Disko metimo varžybos</short>
    <description><![CDATA[<p>Vyksta disko metimo varžybos. Jose dalyvauja <strong>dvylika </strong>disko metikų, kurie varžosi dėl patekimo į kitą etapą. Į kitą etapą patenka <strong>penki </strong>geriausi disko metikai.</p><p>Parašykite programą, kuri rastų, kurie <strong>penki </strong>rezultatai buvo geriausi, užtikrinę sportininkams vietą kitame etape, jei žinome penkis geriausius rezultatus prieš paskutinįjį metimą ir kiekvieno sportininko paskutiniojo metimo rezultatus.</p><p><strong>Pradiniai duomenys</strong>: pradinių duomenų failo <strong>Duomenys.txt</strong> failo pirmoje eilutėje pateikiamas priešpaskutiniojo etapo geriausiųjų rezultatų penketukas, išrikiuotas mažėjimo tvarka. Rezultatai atskiriami tarpais. Antroje eilutėje pateikiamas visų paskutiniojo etapo rezultatų dvyliktukas, išrikiuotas mažėjimo tvarka.</p><p><strong>Rezultatai</strong>: rezultatų faile <strong>Rezultatai.txt</strong> pateikiamas geriausiųjų metimų penketukas, išrikiuotas mažėjimo tvarka. Vienam rezultatui skiriama viena eilutė. Išveskite vieną skaičių po kablelio.</p><p><strong>Reikalavimai programai</strong></p><ul><li>Naudokite sąrašus/masyvus.</li><li>Naudokite funkcijas programos struktūrizavimui.</li></ul>]]></description>
    <example><![CDATA[<figure class="table" style="width:100%;"><table class="ck-table-resized"><colgroup><col style="width:48.78%;"><col style="width:51.22%;"></colgroup><tbody><tr><td><strong>Duomenys.txt &nbsp; &nbsp; &nbsp; &nbsp; &nbsp; &nbsp; &nbsp; &nbsp; &nbsp; &nbsp; &nbsp; &nbsp; &nbsp; &nbsp; &nbsp;</strong></td><td><strong>&nbsp;Rezultatai.txt &nbsp; &nbsp; &nbsp; &nbsp; &nbsp; &nbsp; &nbsp;&nbsp;</strong></td></tr><tr><td>59.2 59.7 60.8 62.1 63.8<br>50.2 51.1 51.5 52.4 53.8 55.1 56.3 58.4 58.9 59.0 59.3 60.2</td><td>63.8<br>62.1<br>60.8<br>60.2<br>59.7&nbsp;</td></tr></tbody></table></figure>]]></example>
    <skeleton><![CDATA[

]]></skeleton>
    <drops><![CDATA[]]></drops>
    <language>lt</language>
    <programming_language>python</programming_language>
    <menu_position>top</menu_position>
    <author>Tomas Blažauskas</author>
    <score>80</score>
    <show_title>1</show_title>
    <show_description>1</show_description>
    <show_examples>1</show_examples>
    <show_icons>0</show_icons>
    <small_icons>0</small_icons>
    <use_drops>0</use_drops>
    <use_hints>0</use_hints>
    <use_ai>1</use_ai>
    <use_explanations>1</use_explanations>
    <use_corrections>0</use_corrections>
    <use_reviews>0</use_reviews>
    <hints>
        
    </hints>
    <show_tests>1</show_tests>
    <show_files>1</show_files>
    <files>
        <file filename="Duomenys.txt"><![CDATA[59.2 59.7 60.8 62.1 63.8
50.2 51.1 51.5 52.4 53.8 55.1 56.3 58.4 58.9 59.0 59.3 60.2]]></file>

    </files>
    <button_new>0</button_new>
    <button_run>1</button_run>
    <button_assess>1</button_assess>
    <button_stop>1</button_stop>
    <button_clear>1</button_clear>
    <button_upload>0</button_upload>
    <button_download>0</button_download>
</task>