<?xml version="1.0" encoding="utf-8"?>
<task id="petro_vistos_1">
    <title>Petro vištos</title>
    <short>Petro vištos</short>
    <description><![CDATA[<p>Neturtingas ūkininkas Petras neturėdamas kur dėti turguje nupirktus triu&scaron;ius suleido juos į vi&scaron;tų narvą. Kiek Petras turi vi&scaron;tų, jei narve matosi <strong>&scaron;e&scaron;iolikos </strong>gyvūnų <strong>38</strong> kojos?</p>]]>
    </description>
    <example><![CDATA[<p>Atsakymas - vi&scaron;tų kiekis (vienas skaičius).</p>]]>
    </example>
    <skeleton><![CDATA[# Toliau rašykite kodą...]]>
    </skeleton>
    <author>arzinai.lt</author>
    <score>100</score>
</task>