<?xml version="1.0" encoding="utf-8"?>
<task id="abc_1">
    <title>ABC</title>
    <short>ABC</short>
    <description><![CDATA[<p>Berniukas, kuris mokėjo tik skaičiuoti, sugalvojo triženklį skaičių&nbsp;<strong>ABC</strong>&nbsp;(<strong>A</strong>&nbsp;&gt;<strong>&nbsp;B</strong>&nbsp;&gt;&nbsp;<strong>C</strong>). I&scaron; &scaron;io skaičiaus skaitmenų užra&scaron;ė visus įmanomus triženklius skaičius, kuriuos galima sudaryti tik i&scaron; &scaron;ių skaitmenų (kiekvienas skaitmuo turi būti panaudotas tik vieną kartą). Sudėjęs visus gautus skaičius jis gavo&nbsp;<strong>5106</strong>. Kokį skaičių sugalvojo berniukas?</p>]]>
    </description>
    <example><![CDATA[<p>Atsakymas - berniuko sugalvotas skaičius.</p>]]>
    </example>
    <skeleton><![CDATA[# Toliau rašykite kodą...]]>
    </skeleton>
    <author>arzinai.lt</author>
    <score>100</score>
</task>