<?xml version="1.0" encoding="UTF-8"?>
<lom xmlns="http://ltsc.ieee.org/xsd/LOM" xmlns:xsi="http://www.w3.org/2001/XMLSchema-instance" xsi:schemaLocation="http://ltsc.ieee.org/xsd/LOM lomCustom.xsd">
	<general uniqueElementName="general">
		<identifier>
			<catalog uniqueElementName="catalog">Pitono pamokėlės 2</catalog>
			<entry uniqueElementName="entry">4a7d755e-34a5-410a-a7d4</entry>
		</identifier>
		<title>
			<string language="en">Staigmena</string>
		</title>
		<language>en</language>
		<description>
			<string language="en"><p>Mokslo metų pabaigos šventei Antanas sugalvojo padaryti staigmeną klasės draugams. Jis kompiuteriu atsitiktinai sugeneravo n (n &lt;= 100) natūraliųjų skaičių ir padarė korteles su tais skaičiais. Kiekvieno kortelę ištraukusio draugo laukia staigmena: atvirukas, kalendoriukas, saldainis ir pan.</p><p>Antanas draugams korteles davė ištraukti prieš mokslo metų pabaigą, ant skirtingų popieriaus skiaučių užsirašė, kuris draugas kurią kortelę ištraukė, tačiau vieną popieriaus skiautę su ant kortelių surašytais skaičiais ir draugų vardais pametė. Popieriaus skiautę surado tik paskutinį vakarą prieš mokslo metų pabaigą. Tai buvo stagimena pačiam Antanui. Jam reikia įterpti rastoje skiautėje įrašytus kortelių numerius į jau esamą sąrašą, kad žinotų, kokią staigmeną kuriam draugui padaryti. Pirminiame Antano sąraše kortelės surašytos taip, kad ant jų užrašyti skaičiai yra išdėstyti didėjančiai.</p><p>Parašykite programą, kuri į esamą sąrašą reikiamose vietose įterptų ant rastos popieriaus skiautės surašytus duomenis. Pradinių duomenų failo <strong>Duomenys.txt</strong> pirmoje eilutėje eilutėje išvardinti ant kortelių surašyti skaičiai didėjimo tvarka. Antroje failo eilutėje – kokie skaičiai užrašyti ant kortelių surastoje popieriaus skiautėje. Skaičiai išdėstyti atsitiktine tvarka.&nbsp;</p><p>Rezultatų faile <strong>Rezultatai.txt</strong> turi būti išvestas galutinis sąrašas, gautas įterpus į pirminį sąrašą duomenis iš popieriaus skiautės. Vienai kortelei skiriama viena eilutė.</p><p><strong>Reikalavimai programai</strong></p><ul><li>Naudokite sąrašus/masyvus.</li><li>Naudokite funkcijas programos struktūrizavimui.</li><li>Negalima formuoti naujo sąrašo. Ant popieriaus skiautės surašyti duomenys turi būti įterpti į pradinį sąrašą.</li></ul></string>
		</description>
		<aggregationLevel uniqueElementName="aggregationLevel">
			<source uniqueElementName="source">LOM-ESv1.0</source>
			<value uniqueElementName="value">2</value>
		</aggregationLevel>
	</general>
	<lifeCycle>
		<contribute>
			<role uniqueElementName="role">
				<source uniqueElementName="source">LOM-ESv1.0</source>
				<value uniqueElementName="value">author</value>
			</role>
			<entity>BEGIN:VCARD VERSION:3.0 FN:Tomas Blažauskas EMAIL;TYPE=INTERNET: ORG: END:VCARD</entity>
			<date>
				<dateTime uniqueElementName="dateTime">2021-01-07T16:49:22.00+02:00</dateTime>
				<description>
					<string language="lt">Metadata creation date</string>
				</description>
			</date>
		</contribute>
	</lifeCycle>
	<metaMetadata uniqueElementName="metaMetadata">
		<contribute>
			<role uniqueElementName="role">
				<source uniqueElementName="source">LOM-ESv1.0</source>
				<value uniqueElementName="value">creator</value>
			</role>
			<entity>BEGIN:VCARD VERSION:3.0 FN:Tomas Blažauskas EMAIL;TYPE=INTERNET: ORG: END:VCARD</entity>
			<date>
				<dateTime uniqueElementName="dateTime">2021-01-07T16:48:12.00+02:00</dateTime>
				<description>
					<string language="en">Metadata creation date</string>
				</description>
			</date>
		</contribute>
		<metadataSchema>LOM-ESv1.0</metadataSchema>
		<language>en</language>
	</metaMetadata>
	<technical uniqueElementName="technical">
		<otherPlatformRequirements>
			<string language="en">editor: hands</string>
		</otherPlatformRequirements>
	</technical>
	<educational>
		<intendedEndUserRole>
			<source uniqueElementName="source">LOM-ESv1.0</source>
			<value uniqueElementName="value">learner</value>
		</intendedEndUserRole>
		<context>
			<source uniqueElementName="source">LOM-ESv1.0</source>
			<value uniqueElementName="value">presencial</value>
		</context>
		<context>
			<source uniqueElementName="source">LOM-ESv1.0</source>
			<value uniqueElementName="value">classroom</value>
		</context>
		<language>en</language>
	</educational>
	<rights uniqueElementName="rights">
		<copyrightAndOtherRestrictions uniqueElementName="copyrightAndOtherRestrictions">
			<source uniqueElementName="source">LOM-ESv1.0</source>
			<value uniqueElementName="value">public domain</value>
		</copyrightAndOtherRestrictions>
		<access uniqueElementName="access">
			<accessType uniqueElementName="accessType">
				<source uniqueElementName="source">LOM-ESv1.0</source>
				<value uniqueElementName="value">universal</value>
			</accessType>
			<description>
				<string language="lt">Default</string>
			</description>
		</access>
	</rights>
</lom>