<?xml version="1.0" encoding="utf-8"?>
<task id="pitono_pamokeles_labas_1">
    <course>Pitono pamokėlės</course>
    <title>Labas, pasauli!</title>
    <short>Labas, pasauli!</short>
    <description><![CDATA[<p>Pati pirmoji programa yra ta, kuri išeda į ekraną pasveikinimą pasauliui.</p><p>Tai yra, atspausdina “Labas, pasauli!”</p>]]></description>
    <example><![CDATA[<p>Įvesties nėra!</p><p><strong>Išvestis</strong>:</p><p>Labas, pasauli!</p>]]></example>
    <skeleton><![CDATA[# Toliau rašykite kodą...
]]></skeleton>
    <language>lt</language>
    <menu_position>top</menu_position>
    <author>Tomas Blažauskas</author>
    <score>100</score>
    <show_title>1</show_title>
    <show_description>1</show_description>
    <show_examples>1</show_examples>
    <show_icons>0</show_icons>
    <small_icons>0</small_icons>
    <show_tests>1</show_tests>
    <show_files>0</show_files>
    <files>
        
    </files>
    <button_new>1</button_new>
    <button_run>1</button_run>
    <button_assess>1</button_assess>
    <button_stop>1</button_stop>
    <button_clear>0</button_clear>
    <button_upload>0</button_upload>
    <button_download>0</button_download>
</task>