<?xml version="1.0" encoding="utf-8"?>
<task id="task_33122418">
    <course>Pitono pamokėlės</course>
    <title>Tarakonų lenktynės</title>
    <short>Tarakonų lenktynės</short>
    <description><![CDATA[<p>Vilniaus universiteto fizikai kiekvieną pavasarį švenčia FIDI – fiziko dieną. Šventėje vienas iš populiariausių atrakcionų yra tarakonų lenktynės. Šiose lenktynėse į finalą pakliūna du patys greičiausi tarakonai. Kad jie netrukdytų vienas kitam bėgti, lenktynės organizuojamos taip:</p><ul><li>užfiksuojama kiekvieno tarakono starto pozicijos vieta;</li><li>tarakonams leidžiama bėgti tol, kol jie sustoja;</li><li>tarakonui sustojus, užfiksuojama finišo vieta ir bėgimo laikas minutėmis;</li><li>išmatuojamas kiekvieno tarakono įveiktas atstumas;</li><li>apskaičiuojamas kiekvieno tarakono greitis;</li><li>lenktynes laimi tas tarakonas, kuris bėgo didesniu greičiu.</li></ul><p>Į lenktynių finalą pakliūvo tarakonai Hardas ir Softas. Hardas per <strong>t1</strong> minučių įveikė <strong>m1</strong> metrų atstumą, o Softas – per <strong>t2</strong> minučių – <strong>m2</strong> metrų atstumą.&nbsp;</p><p>Parenkite programą, kuri nustatytų lenktynių laimėtoją.</p>]]></description>
    <example><![CDATA[<p><strong>Įvestis</strong>:</p><p>Įveskite Softo laiką: 10<br>Įveskite Softo atstumą: 180<br>Įveskite Hardo laiką: 2<br>Įveskite Hardo atstumą: 38</p><p><strong>Išvestis</strong>:</p><p>Lenktynes laimėjo Softas</p><p><strong>Įvestis</strong>:</p><p>Įveskite Softo laiką: 10<br>Įveskite Softo atstumą: 180<br>Įveskite Hardo laiką: 5<br>Įveskite Hardo atstumą: 90</p><p><strong>Išvestis</strong>:</p><p>Lenktynes laimėjo Hardas ir Softas</p>]]></example>
    <skeleton><![CDATA[# Įvedimas
x, y = map(int, input("Įveskite koordinates:").split())
# Toliau rašykite kodą...
]]></skeleton>
    <drops><![CDATA[]]></drops>
    <language>lt</language>
    <menu_position>top</menu_position>
    <author>Tomas Blažauskas</author>
    <score>60</score>
    <show_title>1</show_title>
    <show_description>1</show_description>
    <show_examples>1</show_examples>
    <show_icons>0</show_icons>
    <small_icons>0</small_icons>
    <use_drops>0</use_drops>
    <use_hints>0</use_hints>
    <use_ai>1</use_ai>
    <use_explanations>1</use_explanations>
    <use_corrections>0</use_corrections>
    <use_reviews>0</use_reviews>
    <hints>
        
    </hints>
    <show_tests>1</show_tests>
    <show_files>0</show_files>
    <files>
        
    </files>
    <button_new>0</button_new>
    <button_run>1</button_run>
    <button_assess>1</button_assess>
    <button_stop>1</button_stop>
    <button_clear>1</button_clear>
    <button_upload>0</button_upload>
    <button_download>0</button_download>
</task>