<?xml version="1.0" encoding="utf-8"?>
<task id="task_76275314">
    <course>Pitono pamokėlės 2</course>
    <title>Senovės Anglijos pinigai</title>
    <short>Senovės Anglijos pinigai</short>
    <description><![CDATA[<p>Senovės Anglijoje buvo trys piniginiai matavimo vienetai: svarai, šilingai ir pensai. Vienas svaras – 20 šilingų, šilingas – 12 pensų. Parašykite programą, skaičiuojančią dviejų skirtingų pinigų kiekių, išreikštų svarais, šilingais ir pensais, sumą ir skirtumą, išreikštą svarais, šilingais ir pensais.</p><p>Pradinių duomenų failo <strong>Duomenys.txt</strong> pirmoje eilutėje įrašyta, kelių pinigų rinkinių sumą ir skirtumą reikia apskaičiuoti. Tolesnėse <strong>n</strong> eilučių įrašyta po <strong>6</strong> sveikuosius skaičius: pirmieji trys skaičiai reiškia pirmojo pinigų kiekio svarus, šilingus ir pensus, paskutinieji trys skaičiai – antrojo pinigų kiekio svarus, šilingus &nbsp;ir pensus.</p><p>Rezultatų faile <strong>Rezultatai.txt</strong> turi būti <strong>n</strong> eilučių su <strong>6</strong> sveikaisiais skaičiais kiekvienoje eilutėje: pirmieji trys skaičiai reiškia sumos svarus, sumos šilingus, sumos pensus; paskutinieji trys skaičiai – svarų skirtumą, šilingų skirtumą, pensų skirtumą.</p><p><strong>Reikalavimai programai</strong></p><ul><li>Reikia sukurti funkciją, kuri skaičiuotų dviejų pinigų kiekių sumą.</li><li>Reikia sukurti funkciją, kuri skaičiuotų dviejų pinigų kiekių skirtumą.</li></ul>]]></description>
    <example><![CDATA[<figure class="table" style="width:100%;"><table class="ck-table-resized"><colgroup><col style="width:57.85%;"><col style="width:42.15%;"></colgroup><tbody><tr><td><strong>Duomenys.txt &nbsp; &nbsp; &nbsp; &nbsp; &nbsp; &nbsp; &nbsp; &nbsp; &nbsp; &nbsp; &nbsp; &nbsp; &nbsp; &nbsp; &nbsp;</strong></td><td><strong>&nbsp;Rezultatai.txt &nbsp; &nbsp; &nbsp; &nbsp; &nbsp; &nbsp; &nbsp;&nbsp;</strong></td></tr><tr><td>2<br>2 3 2 1 4 5<br>3 5 4 2 6 8</td><td>3 7 7 0 18 9<br>5 12 0 0 18 8</td></tr></tbody></table></figure>]]></example>
    <skeleton><![CDATA[

]]></skeleton>
    <drops><![CDATA[]]></drops>
    <language>lt</language>
    <programming_language>python</programming_language>
    <menu_position>top</menu_position>
    <author>Tomas Blažauskas</author>
    <score>80</score>
    <show_title>1</show_title>
    <show_description>1</show_description>
    <show_examples>1</show_examples>
    <show_icons>0</show_icons>
    <small_icons>0</small_icons>
    <use_drops>0</use_drops>
    <use_hints>0</use_hints>
    <use_ai>1</use_ai>
    <use_explanations>1</use_explanations>
    <use_corrections>0</use_corrections>
    <use_reviews>0</use_reviews>
    <hints>
        
    </hints>
    <show_tests>1</show_tests>
    <show_files>1</show_files>
    <files>
        <file filename="Duomenys.txt"><![CDATA[2
2 3 2 1 4 5
3 5 4 2 6 8]]></file>

    </files>
    <button_new>0</button_new>
    <button_run>1</button_run>
    <button_assess>1</button_assess>
    <button_stop>1</button_stop>
    <button_clear>1</button_clear>
    <button_upload>0</button_upload>
    <button_download>0</button_download>
</task>