<?xml version="1.0" encoding="UTF-8"?>
<lom xmlns="http://ltsc.ieee.org/xsd/LOM" xmlns:xsi="http://www.w3.org/2001/XMLSchema-instance" xsi:schemaLocation="http://ltsc.ieee.org/xsd/LOM lomCustom.xsd">
	<general uniqueElementName="general">
		<identifier>
			<catalog uniqueElementName="catalog">Pitono pamokėlės 2</catalog>
			<entry uniqueElementName="entry">4a7d755e-34a5-410a-a7d4</entry>
		</identifier>
		<title>
			<string language="en">Kreditų rinkimas</string>
		</title>
		<language>en</language>
		<description>
			<string language="en"><p>Laurynui reikia susirinkti n kreditų, kad galėtų gauti norimą sertifikatą (<strong>1 ≤ n ≤ 120</strong>). Disciplinos suskirstytos į <strong>g (1 ≤ g ≤ 16)</strong> grupių. Iš kiekvienos grupės Laurynas renkasi tik vieną discipliną, kuri įvertinta kuo daugiau kreditų ir kuri neviršija trūkstamo kreditų skaičiaus. Jei iš grupės disciplinų nei viena neatitinka reikalavimų, iš tos grupės Laurynas nesirenka. Visas grupes Laurynas tikrina iš eilės ir tik vieną kartą.</p><p>Žinoma, Laurynui gali nepavykti susirinkti lygiai tiek kreditų, kiek reikia sertifikatui gauti. Parenkite programą, kuri apskaičiuotų, kiek disciplinų <strong>d</strong> pavyko pasirinkti Laurynui ir kelių kreditų <strong>k</strong> jam dar trūksta. Pirmose <strong>g</strong> eilučių turi būti surašytos likusių nepasirinktų disciplinų kreditų reikšmės. Vienai grupei skiriama viena eilutė.</p><p>Pradinių duomenų failo <strong>Duomenys.txt</strong> pirmoje eilutėje įrašytos <strong>n</strong> ir <strong>g</strong> reikšmės. Tolesnėse <strong>g</strong> eilučių nurodyta, kelios disciplinos yra kiekvienoje grupėje ir surašytas kiekvienos disciplinos kreditų skaičius. Visi duomenys yra sveikieji skaičiai.</p><p>Rezultatų faile <strong>Rezultatai.txt</strong> pirmose g eilučių turi būti įrašytos nepasirinktų disciplinų kreditų reikšmės surikiuotos mažėjimo tvarka, paskutinėje eilutėje turi būti įrašytos <strong>d</strong> ir <strong>k</strong> reikšmės atskirtos tarpu.</p><p><strong>Reikalavimai programai</strong></p><ul><li>Naudokite sąrašus/masyvus.</li><li>Naudokite funkcijas programos struktūrizavimui.</li></ul></string>
		</description>
		<aggregationLevel uniqueElementName="aggregationLevel">
			<source uniqueElementName="source">LOM-ESv1.0</source>
			<value uniqueElementName="value">2</value>
		</aggregationLevel>
	</general>
	<lifeCycle>
		<contribute>
			<role uniqueElementName="role">
				<source uniqueElementName="source">LOM-ESv1.0</source>
				<value uniqueElementName="value">author</value>
			</role>
			<entity>BEGIN:VCARD VERSION:3.0 FN:Tomas Blažauskas EMAIL;TYPE=INTERNET: ORG: END:VCARD</entity>
			<date>
				<dateTime uniqueElementName="dateTime">2021-01-07T16:49:22.00+02:00</dateTime>
				<description>
					<string language="lt">Metadata creation date</string>
				</description>
			</date>
		</contribute>
	</lifeCycle>
	<metaMetadata uniqueElementName="metaMetadata">
		<contribute>
			<role uniqueElementName="role">
				<source uniqueElementName="source">LOM-ESv1.0</source>
				<value uniqueElementName="value">creator</value>
			</role>
			<entity>BEGIN:VCARD VERSION:3.0 FN:Tomas Blažauskas EMAIL;TYPE=INTERNET: ORG: END:VCARD</entity>
			<date>
				<dateTime uniqueElementName="dateTime">2021-01-07T16:48:12.00+02:00</dateTime>
				<description>
					<string language="en">Metadata creation date</string>
				</description>
			</date>
		</contribute>
		<metadataSchema>LOM-ESv1.0</metadataSchema>
		<language>en</language>
	</metaMetadata>
	<technical uniqueElementName="technical">
		<otherPlatformRequirements>
			<string language="en">editor: hands</string>
		</otherPlatformRequirements>
	</technical>
	<educational>
		<intendedEndUserRole>
			<source uniqueElementName="source">LOM-ESv1.0</source>
			<value uniqueElementName="value">learner</value>
		</intendedEndUserRole>
		<context>
			<source uniqueElementName="source">LOM-ESv1.0</source>
			<value uniqueElementName="value">presencial</value>
		</context>
		<context>
			<source uniqueElementName="source">LOM-ESv1.0</source>
			<value uniqueElementName="value">classroom</value>
		</context>
		<language>en</language>
	</educational>
	<rights uniqueElementName="rights">
		<copyrightAndOtherRestrictions uniqueElementName="copyrightAndOtherRestrictions">
			<source uniqueElementName="source">LOM-ESv1.0</source>
			<value uniqueElementName="value">public domain</value>
		</copyrightAndOtherRestrictions>
		<access uniqueElementName="access">
			<accessType uniqueElementName="accessType">
				<source uniqueElementName="source">LOM-ESv1.0</source>
				<value uniqueElementName="value">universal</value>
			</accessType>
			<description>
				<string language="lt">Default</string>
			</description>
		</access>
	</rights>
</lom>