<?xml version="1.0" encoding="utf-8"?>
<task id="pitono_pamokeles_mlaikrodis_1">
    <course>Pitono pamokėlės</course>
    <title>Mechaninis lakrodis</title>
    <short>Mechaninis lakrodis</short>
    <description><![CDATA[<p>Jonas nori būti tikru verslininku. Kad suspėtų į visus posėdžius, jis nusipirko mechaninį rankinį laikrodį. Skubėdamas susidūrė su praeiviu ir laikrodžio ciferblatas pasisuko dešinėn 90 laipsnių kampu.&nbsp;</p><p>Duotas po ciferblato pasisukimo rodomas laikas laikrodyje valandomis ir minutėmis. Padėkite Jonui nustatyti, koks laikas buvo rodomas prieš susidūrimą valandomis ir minutėmis.</p>]]></description>
    <example><![CDATA[<p><strong>Įvestis</strong>:</p><p>10</p><p>13</p><p><strong>Išvestis</strong>:</p><p>1</p><p>28</p>]]></example>
    <skeleton><![CDATA[# Toliau rašykite kodą...
]]></skeleton>
    <language>lt</language>
    <menu_position>top</menu_position>
    <author>Tomas Blažauskas</author>
    <score>60</score>
    <show_title>1</show_title>
    <show_description>1</show_description>
    <show_examples>1</show_examples>
    <show_icons>0</show_icons>
    <small_icons>0</small_icons>
    <show_tests>1</show_tests>
    <show_files>0</show_files>
    <files>
        
    </files>
    <button_new>0</button_new>
    <button_run>1</button_run>
    <button_assess>1</button_assess>
    <button_stop>1</button_stop>
    <button_clear>0</button_clear>
    <button_upload>0</button_upload>
    <button_download>0</button_download>
</task>