<?xml version="1.0" encoding="UTF-8"?>
<lom xmlns="http://ltsc.ieee.org/xsd/LOM" xmlns:xsi="http://www.w3.org/2001/XMLSchema-instance" xsi:schemaLocation="http://ltsc.ieee.org/xsd/LOM lomCustom.xsd">
	<general uniqueElementName="general">
		<identifier>
			<catalog uniqueElementName="catalog">Pitono mokymai</catalog>
			<entry uniqueElementName="entry">4a7d755e-34a5-410a-a7d4</entry>
		</identifier>
		<title>
			<string language="en">Proproprosenelio mįslė</string>
		</title>
		<language>en</language>
		<description>
			<string language="en"><p>Kriptografas Jonas Rie&scaron;utaitis susitiko savo seną bičiulį Tomą &Scaron;andorą. Besi&scaron;nekučiuodami jie užsuko į savo pamėgtą kavinę &bdquo;Paryžiaus dvelksmas". Tomas pasiguodė, kad &scaron;iuo metu niekaip negali įveikti vieno labai keisto ra&scaron;to, kurį rado su visais savo giminės archyviniais dokumentais:</p>
<p>&ndash; I&scaron; kartos į kartą mūsų giminė perduoda svarbiausius pirmtakų dokumentus, lai&scaron;kus, dienora&scaron;čius... Keistas dokumentas neabejotinai galėjo būti ra&scaron;ytas XIX amžiuje ir kažkaip susijęs su mūsų proproproseneliu Matiju &Scaron;andoru. Jis&nbsp; vienas žymiausių mūsų giminėje, palaikė ry&scaron;ius su daugeliu to laikmečio pasaulio garsenybių. Pavyzdžiui, archyve radome jam adresuotų net prancūzų ra&scaron;ytojų Žiulio Verno bei Aleksandro Diuma lai&scaron;kų! Paslaptingasis dokumentas gali slėpti kažkokią mūsų giminės paslaptį. Proproprosenelis Matijas labai mėgo slapukauti, daug ką už&scaron;ifruodavo... Beveik visas i&scaron;likusias jo mįsles įveikėme. Tačiau &scaron;i &ndash; kažkoks ko&scaron;maras...</p>
<p>&Scaron;tai fragmentas i&scaron; to mįslingo dokumento:</p>
<div>
<p><img src="http://localhost/azina/images/taure/kriptografija/kriptolap1.jpg" alt="kriptolap1" width="333" height="210"></p>
</div>
<p>&ndash;&nbsp;Gal galėtum padėti perskaityti? Juk tai tavo sritis... - viltingai nutęsė Tomas...</p>
<p>Rie&scaron;utaitis keletą akimirkų įsistebeilijo į keistą lapelį.</p>
<p>&ndash; Manau, kad galėsiu... Ar patikėsi man &scaron;į lapelį kelioms dienoms?</p>
<p>&ndash;&nbsp;Mielai!&nbsp;&ndash; nudžiugo Tomas.</p>
<p>Po keleto dienų Tomas nekantrauja:</p>
<p>&ndash;&nbsp;Ar pavyko, Jonai, ką nors sužinoti?</p>
<p>&ndash;&nbsp;Taip! Tai visi&scaron;kai paprasta... &Scaron;ifravimo būdas gerai žinomas. Teko tik truputį pasirausti bibliotekoje, kol nustačiau &scaron;ifro raktą.</p></string>
		</description>
		<aggregationLevel uniqueElementName="aggregationLevel">
			<source uniqueElementName="source">LOM-ESv1.0</source>
			<value uniqueElementName="value">2</value>
		</aggregationLevel>
	</general>
	<lifeCycle>
		<contribute>
			<role uniqueElementName="role">
				<source uniqueElementName="source">LOM-ESv1.0</source>
				<value uniqueElementName="value">author</value>
			</role>
			<entity>BEGIN:VCARD VERSION:3.0 FN:kukutis EMAIL;TYPE=INTERNET: ORG: END:VCARD</entity>
			<date>
				<dateTime uniqueElementName="dateTime">2021-01-07T16:49:22.00+02:00</dateTime>
				<description>
					<string language="lt">Metadata creation date</string>
				</description>
			</date>
		</contribute>
	</lifeCycle>
	<metaMetadata uniqueElementName="metaMetadata">
		<contribute>
			<role uniqueElementName="role">
				<source uniqueElementName="source">LOM-ESv1.0</source>
				<value uniqueElementName="value">creator</value>
			</role>
			<entity>BEGIN:VCARD VERSION:3.0 FN:kukutis EMAIL;TYPE=INTERNET: ORG: END:VCARD</entity>
			<date>
				<dateTime uniqueElementName="dateTime">2021-01-07T16:48:12.00+02:00</dateTime>
				<description>
					<string language="en">Metadata creation date</string>
				</description>
			</date>
		</contribute>
		<metadataSchema>LOM-ESv1.0</metadataSchema>
		<language>en</language>
	</metaMetadata>
	<technical uniqueElementName="technical">
		<otherPlatformRequirements>
			<string language="en">editor: hands</string>
		</otherPlatformRequirements>
	</technical>
	<educational>
		<intendedEndUserRole>
			<source uniqueElementName="source">LOM-ESv1.0</source>
			<value uniqueElementName="value">learner</value>
		</intendedEndUserRole>
		<context>
			<source uniqueElementName="source">LOM-ESv1.0</source>
			<value uniqueElementName="value">presencial</value>
		</context>
		<context>
			<source uniqueElementName="source">LOM-ESv1.0</source>
			<value uniqueElementName="value">classroom</value>
		</context>
		<language>en</language>
	</educational>
	<rights uniqueElementName="rights">
		<copyrightAndOtherRestrictions uniqueElementName="copyrightAndOtherRestrictions">
			<source uniqueElementName="source">LOM-ESv1.0</source>
			<value uniqueElementName="value">public domain</value>
		</copyrightAndOtherRestrictions>
		<access uniqueElementName="access">
			<accessType uniqueElementName="accessType">
				<source uniqueElementName="source">LOM-ESv1.0</source>
				<value uniqueElementName="value">universal</value>
			</accessType>
			<description>
				<string language="lt">Default</string>
			</description>
		</access>
	</rights>
</lom>