<?xml version="1.0" encoding="utf-8"?>
<task id="pitono_pamokeles_tarakonas_1">
    <course>Pitono pamokėlės</course>
    <title>Tarakono greitis</title>
    <short>Tarakono greitis</short>
    <description><![CDATA[<p>Tarakonas yra vienas greičiausių gyvūnų. Jis per <strong>s</strong> sekundžių nubėga <strong>c</strong> centimetrų. Parenkite programą, kuri palygintų tarakono greitį su musės, skrendančios <strong>v</strong> m/s, greičiu.<br>Jei musė greitesnė už tarakoną, ekrane turi būti rodoma: „<strong>Musė greitesnė už tarakoną</strong>”, jei greitesnis tarakonas – „<strong>Tarakonas greitesnis už musę</strong>“.<br>Pasitikrinkite: Kai <strong>s = 1</strong>, <strong>c = 30</strong>, <strong>v = 5</strong>, ekrane turi būti rodomas pranešimas: „<strong>Musė greitesnė už tarakoną</strong>“.&nbsp;</p>]]></description>
    <example><![CDATA[<p><strong>Įvestis</strong>:</p><p>Įveskite s: 1</p><p>Įveskite c: 30</p><p>Įveskite v: 5</p><p><strong>Išvestis</strong>:</p><p>Musė greitesnė už tarakoną</p>]]></example>
    <skeleton><![CDATA[# Toliau rašykite kodą...
]]></skeleton>
    <language>lt</language>
    <menu_position>top</menu_position>
    <author>Tomas Blažauskas</author>
    <score>60</score>
    <show_title>1</show_title>
    <show_description>1</show_description>
    <show_examples>1</show_examples>
    <show_icons>0</show_icons>
    <small_icons>0</small_icons>
    <show_tests>1</show_tests>
    <show_files>0</show_files>
    <files>
        
    </files>
    <button_new>0</button_new>
    <button_run>1</button_run>
    <button_assess>1</button_assess>
    <button_stop>1</button_stop>
    <button_clear>0</button_clear>
    <button_upload>0</button_upload>
    <button_download>0</button_download>
</task>