<?xml version="1.0" encoding="utf-8"?>
<task id="zaisline_taupo">
    <title>Žaislų parduotuvė taupo</title>
    <short>Žaislinė taupo</short>
    <description><![CDATA[<p>Berniukas sugalvojo nupirkti draugei pliu&scaron;inį žaisliuką, bet atėjęs į parduotuvę pamatė &scaron;tai tokį vaizdą:</p>
<div>
<p><img src="https://arzinai.lt/paveiksliukai/lentyna.png" alt="lentyna" width="396" height="452"></p>
</div>
<p>Užkalbintas konsultantas maloniai paai&scaron;kino, jog jų parduotuvė yra socialiai atsakinga parduotuvė ir jie mano, jog verčiau reikia pajudinti smegenis nei pjūklą. Be to, &scaron;iais laikais ne pro &scaron;alį ir pataupyti!</p>
<p>Berniukui patiko &scaron;i iniciatyva ir jis nusprendė nupirkti savo draugei net tris žaisliukus. Tai yra, robotą, liūtuką ir bezdžionėlę.</p>]]>
    </description>
    <example><![CDATA[<p>Atsakymas - robotuko, liūtuko ir bezdžionėlės kainos atskirto kableliais (be tarpų), pvz.&nbsp;<strong>12,5,7</strong></p>]]>
    </example>
    <skeleton><![CDATA[# Toliau rašykite kodą...]]>
    </skeleton>
    <author>arzinai.lt</author>
    <score>100</score>
</task>