<?xml version="1.0" encoding="utf-8"?>
<task id="daugybos_klaida">
    <title>Daugybos klaida</title>
    <short>Daugybos klaida</short>
    <description><![CDATA[<p>Berniukas, kuris mokėjo tik skaičiuoti, sugalvojo&nbsp;<strong>du</strong>&nbsp;dviženklius skaičius. Daugindamas juos per klaidą sukeitė vieno skaičiaus skaitmenų tvarką ir gavo&nbsp;<strong>3816</strong>&nbsp;vienetų didesnį rezultatą negu turėjo gauti.</p>
<p>Koks turėjo būti teisingas atsakymas?</p>]]>
    </description>
    <example><![CDATA[<p>Atsakymas - vienas skaičius.</p>]]>
    </example>
    <skeleton><![CDATA[# Toliau rašykite kodą...]]>
    </skeleton>
    <author>arzinai.lt</author>
    <score>100</score>
</task>