<?xml version="1.0" encoding="utf-8"?>
<task id="task_72936368">
    <course>Pitono kursas 2</course>
    <title>Gyventojai</title>
    <short>Gyventojai</short>
    <description><![CDATA[<p>Pirmoje pradinių duomenų faile <strong>gyventojai_data.txt</strong> yra surašyti gatvės namų duomenys. Kiekvienoje eilutėje yra du tarpais atskirti sveikieji skaičiai: namo numeris ir gyventojų tame name skaičius. Namai, kurių numeriai lyginiai, stovi dešiniojoje, o kurių nelyginiai – kairiojoje gatvės pusėje.&nbsp;</p><p>Parenkite programą, kuri apskaičiuotų ir į rezultatų failą <strong>gyventojai_res.txt</strong> įrašytų:</p><ul><li>kiek gyventojų iš viso gyvena gatvėje;</li><li>kiek gyventojų gyvena kairiojoje gatvės pusėje ir kiek – dešiniojoje;</li><li>kiek vidutiniškai gyventojų gyvena kiekviename name, esančiame kairiojoje gatvės pusėje, ir kiek – dešiniojoje.&nbsp;</li></ul><p><strong>Reikalavimai programai</strong>&nbsp;</p><ul><li>Naudokite sveikųjų skaičių masyvus.</li><li>Sukurkite pradinių duomenų skaitymo funkciją.</li><li>Vidurkius išveskite vieno skaičiaus po kablelio tikslumu.</li><li>Sukurkite gyventojų skaičių surandančią funkciją. Į šią funkciją reikia kreiptis 3 kartus:<ul><li>skaičiuojant kiek gyventojų gyvena visoje gatvėje,</li><li>skaičiuojant kiek gyvena kairėje gatvės pusėje ir</li><li>skaičiuojant kiek gyvena dešinėje gatvės pusėje.</li></ul></li></ul>]]></description>
    <example><![CDATA[<figure class="table" style="width:89.32%;"><table class="ck-table-resized"><colgroup><col style="width:25.38%;"><col style="width:25.21%;"><col style="width:49.41%;"></colgroup><tbody><tr><td><strong>gyventojai_data.txt &nbsp;&nbsp;</strong></td><td><strong>gyventojai_res.txt&nbsp;</strong></td><td><strong>Paaiškinimai</strong></td></tr><tr><td>1 5<br>2 4<br>3 4<br>4 5<br>5 6<br>6 5<br>7 0<br>8 0<br>9 5<br>10 0</td><td>34<br>20<br>14<br>4.0<br>2.8</td><td>Iš viso gyventojų gatvėje<br>Iš viso gyventojų kairiojoje gatvės pusėje<br>Iš viso gyventojų dešiniojoje gatvės pusėje<br>Vidutinis gyventojų skaičius name, esančiame kairiojoje gatvės pusėje<br>Vidutinis gyventojų skaičius name, esančiame dešiniojoje gatvės pusėje&nbsp;</td></tr></tbody></table></figure>]]></example>
    <skeleton><![CDATA[# Žemiau rašykite kodą
]]></skeleton>
    <drops><![CDATA[]]></drops>
    <language>lt</language>
    <programming_language>python</programming_language>
    <menu_position>top</menu_position>
    <author>Tomas Blažauskas</author>
    <score>70</score>
    <show_title>1</show_title>
    <show_description>1</show_description>
    <show_examples>1</show_examples>
    <show_icons>0</show_icons>
    <small_icons>0</small_icons>
    <use_drops>0</use_drops>
    <use_hints>0</use_hints>
    <use_ai>1</use_ai>
    <use_explanations>1</use_explanations>
    <use_corrections>0</use_corrections>
    <use_reviews>0</use_reviews>
    <hints>
        
    </hints>
    <show_tests>1</show_tests>
    <show_files>1</show_files>
    <files>
        <file filename="gyventojai_data.txt"><![CDATA[1 5
2 4
3 4
4 5
5 6
6 5
7 0
8 0
9 5
10 0]]></file>

    </files>
    <button_new>0</button_new>
    <button_run>1</button_run>
    <button_assess>1</button_assess>
    <button_stop>1</button_stop>
    <button_clear>1</button_clear>
    <button_upload>0</button_upload>
    <button_download>0</button_download>
</task>