<?xml version="1.0" encoding="utf-8"?>
<task id="task_98877704">
    <course>Pitono pamokėlės</course>
    <title>Šokoladas</title>
    <short>Šokoladas</short>
    <description><![CDATA[<p>Mokytoja nori nupirkti saldumynų informatikos olimpiados dalyviams, kad jiems geriau sektųsi spręsti užduotis. Informatikos olimpiadoje dalyvauja <strong>m</strong> mokinių. Mokytoja išsiaiškino, kad olimpiečiai labiausiai mėgsta pienišką šokoladą. Prekybos centre parduodamas trijų gamintojų pieniškas šokoladas. Pirmojo gamintojo 100 g. šokolado plytelė kainuoja <strong>p1</strong> eurų, antrojo gamintojo 25 g. šokolado plytelė kainuoja <strong>p2</strong> eurų, trečiojo gamintojo 50 g. šokolado plytelė kainuoja <strong>p3</strong> eurų. Mokytoja nori nupirkti kiekvienam mokiniui po 100 g. šokolado.&nbsp;</p><p>Parašykite programą, skaičiuojančią, kurio gamintojo šokoladas mokytojai kainuos mažiausiai ir kokią pinigų sumą s reikės už jį sumokėti. Visų gamintojų šokoladas yra vienodo skanumo ☺.</p>]]></description>
    <example><![CDATA[<p>Pasitikrinkite:</p><ul><li>kai m = 5, p1 = 2.58, p2 = 0.68, p3 = 1.09, tuomet ekrane turi būti rodoma: „Mokytojai labiausiai apsimoka pirkti trečiojo gamintojo šokoladą. Ji turės sumokėti s = 10.90 eurų.”;</li><li>kai m = 5, p1 = 2.58, p2 = 0.68, p3 = 1.39, tuomet ekrane turi būti rodoma: „Mokytojai labiausiai apsimoka pirkti pirmojo gamintojo šokoladą. Ji turės sumokėti s = 12.90 eurų.”;</li><li>kai m = 5, p1 = 2.88, p2 = 0.68, p3 = 1.39, tuomet ekrane turi būti rodoma: „Mokytojai labiausiai apsimoka pirkti antrojo gamintojo šokoladą. Ji turės sumokėti s = 13.60 eurų.”.&nbsp;</li></ul>]]></example>
    <skeleton><![CDATA[# Toliau rašykite kodą...
]]></skeleton>
    <drops><![CDATA[]]></drops>
    <language>lt</language>
    <menu_position>top</menu_position>
    <author>Tomas Blažauskas</author>
    <score>60</score>
    <show_title>1</show_title>
    <show_description>1</show_description>
    <show_examples>1</show_examples>
    <show_icons>0</show_icons>
    <small_icons>0</small_icons>
    <use_drops>0</use_drops>
    <use_hints>0</use_hints>
    <use_ai>1</use_ai>
    <use_explanations>1</use_explanations>
    <use_corrections>1</use_corrections>
    <use_reviews>1</use_reviews>
    <hints>
        
    </hints>
    <show_tests>1</show_tests>
    <show_files>0</show_files>
    <files>
        
    </files>
    <button_new>0</button_new>
    <button_run>1</button_run>
    <button_assess>1</button_assess>
    <button_stop>1</button_stop>
    <button_clear>1</button_clear>
    <button_upload>0</button_upload>
    <button_download>0</button_download>
</task>