<?xml version="1.0" encoding="utf-8"?>
<task id="pitono_pamokeles_sksuma_1">
    <course>Pitono pamokėlės</course>
    <title>Skaitemenų suma</title>
    <short>Skaitemenų suma</short>
    <description><![CDATA[<p>Sudarykite programą, skaičiuojančią keturženklio natūraliojo skaičiaus skaitmenų sumą.</p><p><i>Pasitikrinkite</i>: jei įvestas skaičius <strong>5214</strong>, kompiuterio ekrane turi būti rodomas rezultatas: <strong>12</strong>.</p>]]></description>
    <example><![CDATA[<p><strong>Įvestis</strong>:</p><p>5214</p><p><strong>Išvestis</strong>:</p><p>12</p>]]></example>
    <skeleton><![CDATA[# Toliau rašykite kodą...
]]></skeleton>
    <language>lt</language>
    <menu_position>top</menu_position>
    <author>Tomas Blažauskas</author>
    <score>60</score>
    <show_title>1</show_title>
    <show_description>1</show_description>
    <show_examples>1</show_examples>
    <show_icons>0</show_icons>
    <small_icons>0</small_icons>
    <show_tests>1</show_tests>
    <show_files>0</show_files>
    <files>
        
    </files>
    <button_new>0</button_new>
    <button_run>1</button_run>
    <button_assess>1</button_assess>
    <button_stop>1</button_stop>
    <button_clear>0</button_clear>
    <button_upload>0</button_upload>
    <button_download>0</button_download>
</task>