<?xml version="1.0" encoding="utf-8"?>
<task id="triangle_file_1">
    <course>Pitono kursas</course>
    <title>Trikampis (failas)</title>
    <short>Trikampis faile</short>
    <description><![CDATA[<p>Stačiojo trikampio aukštis pateiktas faile <strong>infile.txt</strong>.&nbsp;<br>Išveskite stačiojo trikampio formą naudodami žvaigždutę (*) į failą <strong>outfile.txt</strong>.</p>]]></description>
    <example><![CDATA[<p><strong>infile.txt:</strong> 6</p><p><strong>outfile.txt:</strong></p><p>*</p><p>**</p><p>***</p><p>****</p><p>*****</p><p>******</p>]]></example>
    <skeleton><![CDATA[# Žemiau rašykite kodą
]]></skeleton>
    <drops><![CDATA[PHA+xaBhdW51LCDEr3ZlaWvEl3RlISBKxatzxbMga29kYXM6IDxzdHJvbmc+QXNlbWJsZXJpcyAtIGdlcmlhdSB1xb4gUGl0b27EhSE8L3N0cm9uZz48L3A+]]></drops>
    <language>lt</language>
    <menu_position>top</menu_position>
    <author>Tomas Blažauskas</author>
    <score>80</score>
    <show_title>1</show_title>
    <show_description>1</show_description>
    <show_examples>1</show_examples>
    <show_icons>0</show_icons>
    <small_icons>0</small_icons>
    <use_drops>1</use_drops>
    <use_hints>0</use_hints>
    <use_ai>1</use_ai>
    <use_explanations>1</use_explanations>
    <use_corrections>1</use_corrections>
    <use_reviews>1</use_reviews>
    <hints>
        
    </hints>
    <show_tests>1</show_tests>
    <show_files>1</show_files>
    <files>
        <file filename="infile.txt"><![CDATA[3]]></file>

    </files>
    <button_new>0</button_new>
    <button_run>1</button_run>
    <button_assess>1</button_assess>
    <button_stop>1</button_stop>
    <button_clear>1</button_clear>
    <button_upload>0</button_upload>
    <button_download>0</button_download>
</task>