<?xml version="1.0" encoding="utf-8"?>
<task id="task_34322129">
    <course>Pitono pamokėlės 2</course>
    <title>Pinigų rūšiavimas</title>
    <short>Pinigų rūšiavimas</short>
    <description><![CDATA[<p>Banke pastatyta pinigų rūšiavimo mašina, kurios veikimo principas yra toks: naujai gauti banknotai įterpiami reikiamoje vietoje. Pradinių duomenų failo <strong>Duomenys.txt</strong> pirmoje eilutėje įrašyti banke saugomų banknotų nominalai, išdėstyti mažėjančiai. Vieno nominalo banknoto gali būti keli vienetai. Antroje eilutėje įrašyti naujai gautų banknotų nominalai, išdėstyti atsitiktine tvarka.&nbsp;</p><p>Parašykite programą, kuri į rezultatų failą <strong>Rezultatai.txt</strong> išvestų pradinį sąrašą, papildytą naujai gautais banknotais, kurie įterpti reikiamose vietose. &nbsp;</p><p><strong>Reikalavimai programai</strong></p><ul><li>Naudokite sąrašus/masyvus.</li><li>Naudokite funkcijas programos struktūrizavimui.</li></ul>]]></description>
    <example><![CDATA[<figure class="table" style="width:100%;"><table class="ck-table-resized"><colgroup><col style="width:48.78%;"><col style="width:51.22%;"></colgroup><tbody><tr><td><strong>Duomenys.txt &nbsp; &nbsp; &nbsp; &nbsp; &nbsp; &nbsp; &nbsp; &nbsp; &nbsp; &nbsp; &nbsp; &nbsp; &nbsp; &nbsp; &nbsp;</strong></td><td><strong>&nbsp;Rezultatai.txt &nbsp; &nbsp; &nbsp; &nbsp; &nbsp; &nbsp; &nbsp;&nbsp;</strong></td></tr><tr><td>10 10 5 5 2 1 1<br>2 1 10 20 5&nbsp;</td><td>20 10 10 10 5 5 5 2 2 1 1 1</td></tr></tbody></table></figure>]]></example>
    <skeleton><![CDATA[

]]></skeleton>
    <drops><![CDATA[]]></drops>
    <language>lt</language>
    <programming_language>python</programming_language>
    <menu_position>top</menu_position>
    <author>Tomas Blažauskas</author>
    <score>80</score>
    <show_title>1</show_title>
    <show_description>1</show_description>
    <show_examples>1</show_examples>
    <show_icons>0</show_icons>
    <small_icons>0</small_icons>
    <use_drops>0</use_drops>
    <use_hints>0</use_hints>
    <use_ai>1</use_ai>
    <use_explanations>1</use_explanations>
    <use_corrections>0</use_corrections>
    <use_reviews>0</use_reviews>
    <hints>
        
    </hints>
    <show_tests>1</show_tests>
    <show_files>1</show_files>
    <files>
        <file filename="Duomenys.txt"><![CDATA[10 10 5 5 2 1 1
2 1 10 20 5]]></file>

    </files>
    <button_new>0</button_new>
    <button_run>1</button_run>
    <button_assess>1</button_assess>
    <button_stop>1</button_stop>
    <button_clear>1</button_clear>
    <button_upload>0</button_upload>
    <button_download>0</button_download>
</task>