<?xml version="1.0" encoding="utf-8"?>
<task id="desimtzenklis">
    <title>Dešimtženklis</title>
    <short>Dešimtženklis</short>
    <description><![CDATA[<div class="reference-pl">
<div class="">
<div class="articleIntro">
<p>Raskite tokį de&scaron;imtženklį skaičių&nbsp;<strong>ABCDEFGHIJ</strong>, kad visi skaitmenys būtų skirtingi ir&nbsp;<strong>A</strong>&nbsp;dalintusi i&scaron; 1,&nbsp;<strong>AB</strong>&nbsp;dalintusi i&scaron;&nbsp;<strong>2</strong>, <strong>ABC </strong>dalintusi i&scaron;&nbsp;<strong>3</strong>,&nbsp;<strong>ABCD</strong>&nbsp;dalintusi i&scaron;&nbsp;<strong>4</strong>&nbsp;ir taip toliau. Koks tai skaičius?</p>
</div>
</div>
</div>
<div class="info">
<div class="rating">
<div id="rd9f88edc880fd60b2382413f40766f16_rateBox"></div>
</div>
</div>]]>
    </description>
    <example><![CDATA[<p>Atsakymas - de&scaron;imtženklis skaičius.</p>]]>
    </example>
    <skeleton><![CDATA[# Toliau rašykite kodą...]]>
    </skeleton>
    <author>arzinai.lt</author>
    <score>100</score>
</task>