<?xml version="1.0" encoding="utf-8"?>
<task id="task_38529659">
    <course>Pitono pamokėlės 2</course>
    <title>Siena</title>
    <short>Siena</short>
    <description><![CDATA[<p>Tomas kolekcionuoja plakatus. Vieną dieną jis sugalvojo visus turimus plakatus užklijuoti ant savo kambario sienos. Plakatai yra įvairiausių daugiakampių formų ir gana ploni, todėl Tomas nusprendė kiekvieną pirmiausia priklijuoti ant stačiakampio popieriaus lapo ir įrėminti. Kad nebūtų sudėtinga pagaminti rėmus, Tomas plakatus dėlios taip, kad rėmai nesikirstų (gali liestis). Rėmų kraštinės bus lygiagrečios kambario sienų šonams. Rėmai bus kiek įmanoma mažesni, tačiau juose turi tilpti plakatas. Šiek tiek pamąstęs, jis sudarė planą, kuriame sužymėjo tikslias plakatų vietas ant sienos.&nbsp;</p><p>Tomo mama susirūpinusi. Siena neseniai buvo dažyta ir dabar bus uždengta plakatais. Jai rūpi kiek sienos liks matoma.&nbsp;</p><p><i><strong>Užduotis</strong></i>. Parašykite programą, kuri apskaičiuotų nepaslėptos po plakatais ir jų rėmais sienos dalies plotą (kvadratiniais centimetrais). Laikykite, kad rėmo plotis lygus 0.&nbsp;</p><p><i><strong>Pradiniai duomenys</strong></i> pateikti faile <strong>Duomenys.txt</strong>.&nbsp;</p><p>Pirmoje eilutėje įrašyti du skaičiai – sienos plotis p ir aukštis a centimetrais (1 ≤ p, a ≤ 1000). &nbsp;</p><p>Antroje eilutėje įrašytas vienas sveikas skaičius N (1 ≤ N ≤ 1000) – plakatų kiekis.&nbsp;</p><p>Tolesnėse N eilučių aprašyti plakatai po vieną eilutėje. Plakato aprašą sudaro keletas sveikų skaičių. Pirmas skaičius yra plakato kampų kiekis m (3 ≤ m ≤ 100). Toliau eilutėje m skaičių porų. Kiekviena pora reiškia plakato kampo koordinates, kai koordinačių pradžios taškas yra sienos kairys apatinis kampas. Kampai pateikti eilės tvarka.</p><p>Visi plakatai telpa sienoje. Matavimai nurodyti centimetrais.&nbsp;</p><p><i><strong>Rezultatai</strong></i>. Į rezultatų failą <strong>Rezultatai.txt </strong>įrašykite vieną skaičių – neuždengtos plakatais ir jų rėmais sienos plotą kvadratiniais centimetrais.&nbsp;</p><p><strong>Reikalavimai programai</strong></p><ul><li>Reikia sukurti ploto skaičiavimo funkciją.</li><li>Reikia sukurti rėmo kraštinės ilgio skaičiavimo funkciją.</li></ul>]]></description>
    <example><![CDATA[<figure class="table"><table><tbody><tr><td><strong>Duomenys.txt &nbsp; &nbsp; &nbsp; &nbsp; &nbsp; &nbsp; &nbsp; &nbsp; &nbsp; &nbsp; &nbsp; &nbsp; &nbsp; &nbsp; &nbsp;</strong></td><td><strong>&nbsp;Rezultatai.txt &nbsp; &nbsp; &nbsp; &nbsp; &nbsp; &nbsp; &nbsp;&nbsp;</strong></td></tr><tr><td>300 200<br>2<br>3 50 100 100 150 150 100<br>4 200 50 250 100 300 50 250 0&nbsp;</td><td>52500</td></tr><tr><td>210 120<br>4<br>3 45 70 50 90 80 70<br>5 130 90 130 60 150 80 150 90 140 80<br>8 90 30 70 40 90 50 100 70 110 50 130 40 110 30 100 10<br>4 170 50 190 50 160 40 170 70</td><td>23150</td></tr></tbody></table></figure>]]></example>
    <skeleton><![CDATA[

]]></skeleton>
    <drops><![CDATA[]]></drops>
    <language>lt</language>
    <programming_language>python</programming_language>
    <menu_position>top</menu_position>
    <author>Tomas Blažauskas</author>
    <score>80</score>
    <show_title>1</show_title>
    <show_description>1</show_description>
    <show_examples>1</show_examples>
    <show_icons>0</show_icons>
    <small_icons>0</small_icons>
    <use_drops>0</use_drops>
    <use_hints>0</use_hints>
    <use_ai>1</use_ai>
    <use_explanations>1</use_explanations>
    <use_corrections>0</use_corrections>
    <use_reviews>0</use_reviews>
    <hints>
        
    </hints>
    <show_tests>1</show_tests>
    <show_files>1</show_files>
    <files>
        <file filename="Duomenys.txt"><![CDATA[300 200
2
3 50 100 100 150 150 100
4 200 50 250 100 300 50 250 0]]></file>

    </files>
    <button_new>0</button_new>
    <button_run>1</button_run>
    <button_assess>1</button_assess>
    <button_stop>1</button_stop>
    <button_clear>1</button_clear>
    <button_upload>0</button_upload>
    <button_download>0</button_download>
</task>