<?xml version="1.0" encoding="utf-8"?>
<task id="pitono_pamokeles_andriausgimtadienis_1">
    <course>Pitono pamokėlės</course>
    <title>Andriaus gimtadienis</title>
    <short>Andriaus gimtadienis</short>
    <description><![CDATA[<p>Andrius septintojo gimtadienio proga gavo balionų. Su draugais nusprendė balionus paleisti į dangų. Dalis pučiamų balionų sprogo. Likusius balionus Andrius pasidalijo su draugais po lygiai. Jeigu po dalybų dar liko balionų, tai juos pasiėmė Andrius. Po kiek balionų gavo kiekvienas draugas ir kiek balionų teko Andriui? Parašykite programą šiam uždaviniui spręsti.</p><p><i>Pasitikrinkite</i>. Jei balionų buvo <strong>77</strong>, draugų buvo <strong>7, 3</strong> balionai sprogo, tai kiekvienas draugas gavo po <strong>9</strong> balionus, o Andriui teko <strong>11</strong> balionų.</p>]]></description>
    <example><![CDATA[<p><strong>Įvestis</strong>:</p><p>Kiek Andrius gavo balionų?</p><p>77</p><p>Kiek buvo draugų?</p><p>7</p><p>Kiek balionų sprogo?</p><p>3</p><p><strong>Išvestis</strong>:</p><p>Draugai gavo po: 9</p><p>Andriui teko: 11</p>]]></example>
    <skeleton><![CDATA[# Toliau rašykite kodą...
]]></skeleton>
    <language>lt</language>
    <menu_position>top</menu_position>
    <author>Tomas Blažauskas</author>
    <score>60</score>
    <show_title>1</show_title>
    <show_description>1</show_description>
    <show_examples>1</show_examples>
    <show_icons>0</show_icons>
    <small_icons>0</small_icons>
    <show_tests>1</show_tests>
    <show_files>0</show_files>
    <files>
        
    </files>
    <button_new>0</button_new>
    <button_run>1</button_run>
    <button_assess>1</button_assess>
    <button_stop>1</button_stop>
    <button_clear>0</button_clear>
    <button_upload>0</button_upload>
    <button_download>0</button_download>
</task>