<?xml version="1.0" encoding="utf-8"?>
<task id="task_76052672">
    <course>Pitono pamokėlės 2</course>
    <title>Varlių koncertas</title>
    <short>Varlių koncertas</short>
    <description><![CDATA[<p>Kartą vienoje kūdroje gyveno daug varlių, ir ne bet kokių, o dresiruotų. Kiekviena varlė sugebėdavo iššokti iš vandens ir sukvarksėti kas tiksliai jai būdingą laiko periodą. Pavyzdžiui, varlės kvarkimo periodas lygus 5. Tai reiškia, kad jei varlė sukvarksėjo pirmą minutę, antrą kartą ji kvarksės po penkių minučių, t. y. šeštą minutę, trečią kartą – vienuoliktą minutę ir t. t.&nbsp;</p><p>Patekėjus saulei visos varlės iššoko iš vandens ir sukvarksėjo. Sudarykite programą, kuri nustatytų, po kiek valandų ir minučių (&lt;60) įvyks antrasis varlių koncertas, t.y. vienu metu iššoks iš vandens ir sukvarksės visos kūdroje esančios varlės.&nbsp;</p><p>Pradiniai duomenys iš failo <strong>varles_data.txt</strong> perskaitomi tokia tvarka. Pirma įvedamas varlių skaičius, po to – kiekvienos varlės kvarkimo periodas. Varlių pasirodymo periodai surašyti iš eilės: p1, p2, p3, p4, p5 ir t. t., čia p1 – pirmosios varlės pasirodymo periodas, p2 – antrosios ir t. t. (0 &lt; pi ≤ 20 minučių). Varlių skaičius kūdroje neviršijo 10.&nbsp;</p>]]></description>
    <example><![CDATA[<figure class="table" style="width:70%;"><table class="ck-table-resized"><colgroup><col style="width:47.99%;"><col style="width:52.01%;"></colgroup><tbody><tr><td><strong>varles_data.txt &nbsp;&nbsp;</strong></td><td><strong>varles_res.txt &nbsp;&nbsp;</strong></td></tr><tr><td>5<br>18 7 3 2 4</td><td>4 12</td></tr><tr><td>4<br>5 10 15 20</td><td>1 0</td></tr><tr><td>3<br>8 12 16</td><td>0 48</td></tr><tr><td>6<br>4 6 8 10 12 14</td><td>14 0</td></tr></tbody></table></figure>]]></example>
    <skeleton><![CDATA[# Toliau rašykite kodą...
]]></skeleton>
    <drops><![CDATA[]]></drops>
    <language>lt</language>
    <programming_language>python</programming_language>
    <menu_position>top</menu_position>
    <author>Tomas Blažauskas</author>
    <score>70</score>
    <show_title>1</show_title>
    <show_description>1</show_description>
    <show_examples>1</show_examples>
    <show_icons>0</show_icons>
    <small_icons>0</small_icons>
    <use_drops>0</use_drops>
    <use_hints>0</use_hints>
    <use_ai>1</use_ai>
    <use_explanations>1</use_explanations>
    <use_corrections>0</use_corrections>
    <use_reviews>0</use_reviews>
    <hints>
        
    </hints>
    <show_tests>1</show_tests>
    <show_files>1</show_files>
    <files>
        <file filename="varles_data.txt"><![CDATA[5
18 7 3 2 4]]></file>

    </files>
    <button_new>0</button_new>
    <button_run>1</button_run>
    <button_assess>1</button_assess>
    <button_stop>0</button_stop>
    <button_clear>1</button_clear>
    <button_upload>0</button_upload>
    <button_download>0</button_download>
</task>