<?xml version="1.0" encoding="utf-8"?>
<task id="berniuko_skaiciai">
    <title>Berniuko skaičiai</title>
    <short>Berniuko skaičiai</short>
    <description><![CDATA[<p>Berniukas, kuris mokėjo tik skaičiuoti, sėdėjo smėlio dėžėje ir lazdele ra&scaron;ė įvariausius skaičius. Para&scaron;ęs du skirtingus skaičius, berniukas su &scaron;iais skaičiais atliko tam tikrus veiksmus:</p>
<ol>
<li>juos sudėjo,</li>
<li>juos sudaugino,</li>
<li>i&scaron; didesnio atėmė mažesnį,</li>
<li>didesnį padalino i&scaron; mažesnio.</li>
</ol>
<p>Atlikęs &scaron;iuos veiksmus berniukas gavo naujus keturis skaičius, kuriuos nutarė sudėt. Sudėjęs gavo&nbsp;<strong>201571</strong>. Kokius skaičius buvo sugalvojęs berniukas?</p>]]>
    </description>
    <example><![CDATA[<p>Atsakymas - skaičiai atskirti kableliu, be tarpų (pvz.: <strong>158,689</strong>).</p>]]>
    </example>
    <skeleton><![CDATA[# Toliau rašykite kodą...]]>
    </skeleton>
    <author>arzinai.lt</author>
    <score>100</score>
</task>