<?xml version="1.0" encoding="utf-8"?>
<task id="pitono_pamokeles_sindlerijos_1">
    <course>Pitono pamokėlės</course>
    <title>Šindlerijų tyrimas</title>
    <short>Šindlerijų tyrimas</short>
    <description><![CDATA[<p>Šindlerija yra pati mažiausia pasaulio žuvis. Ji sveria <strong>m</strong> miligramų. Mokslininkai tyrinėjantys šindlerijas, nusprendė <strong>n</strong> jų stebėti. Jei stebimos žuvys svers ne mažiau kaip kilogramą, ekrane turi būti rodomas pranešimas „<i>Žuvų stebėjimui pakanka</i>“, jei mažiau – „<i>Žuvų stebėjimui per mažai</i>“.&nbsp;</p><p><i>Pasitikrinkite</i>: jei <strong>m = 2</strong>, <strong>n = 1000000</strong>, kompiuterio ekrane turi būti rodomas rezultatas: <strong>Žuvų stebėjimui pakanka</strong>. Jei <strong>m = 2</strong>, <strong>n = 1000</strong>, kompiuterio ekrane turi būti rodomas pranešimas: <strong>Žuvų stebėjimui per mažai</strong>.</p>]]></description>
    <example><![CDATA[<p><strong>Įvestis</strong>:</p><p>Įveskite m: 2</p><p>Įveskite n: 1000000</p><p><strong>Išvestis</strong>:</p><p>Žuvų stebėjimui pakanka</p>]]></example>
    <skeleton><![CDATA[# Toliau rašykite kodą
]]></skeleton>
    <language>lt</language>
    <menu_position>top</menu_position>
    <author>Tomas Blažauskas</author>
    <score>60</score>
    <show_title>1</show_title>
    <show_description>1</show_description>
    <show_examples>1</show_examples>
    <show_icons>0</show_icons>
    <small_icons>0</small_icons>
    <show_tests>1</show_tests>
    <show_files>0</show_files>
    <files>
        
    </files>
    <button_new>0</button_new>
    <button_run>1</button_run>
    <button_assess>1</button_assess>
    <button_stop>1</button_stop>
    <button_clear>0</button_clear>
    <button_upload>0</button_upload>
    <button_download>0</button_download>
</task>