<?xml version="1.0" encoding="utf-8"?>
<task id="task_88077919">
    <course>Pitono pamokėlės</course>
    <title>Prekės</title>
    <short>Prekės</short>
    <description><![CDATA[<p>Sunkmečiu ne visose parduotuvėse galima nusipirkti norimų prekių. Kristina kanceliarines prekes pirkdavo vienoje parduotuvėje. Ji nori pirkti <i><strong>s</strong></i> sąsiuvinių, <i><strong>r</strong></i> rašiklių, <i><strong>t</strong></i> trintukų. Nuėjusi į parduotuvę pamatė, kad lentynoje <i><strong>yra_s</strong></i><strong> </strong>sąsiuvinių, <i><strong>yra_r</strong></i><strong> </strong>rašiklių ir <i><strong>yra_t</strong></i><strong> </strong>trintukų. Parašykite programą, kuri ekrane parodytų pranešimą, ar Kristinai reikės eiti į kitą parduotuvę norint įsigyti visas reikalingas prekes.&nbsp;</p><p>Pasitikrinkite:</p><ul><li>jei <strong>s = 10</strong>,<strong> r = 3</strong>, <strong>t = 4</strong>, <strong>yra_s = 15</strong>, <strong>yra_r = 20</strong>, <strong>yra_t = 5</strong>, ekrane turi būti rodomas pranešimas: <strong>Kristina visas prekes nupirks vienoje parduotuvėje</strong>;</li><li>jei <strong>s = 10</strong>, <strong>r = 3</strong>, <strong>t = 4</strong>, <strong>yra_s = 1</strong>, <strong>yra_r = 20</strong>, <strong>yra_t = 5</strong>, ekrane turi būti rodomas pranešimas: <strong>Kristinai reikės eiti į kitą parduotuvę</strong>.&nbsp;</li></ul>]]></description>
    <example><![CDATA[<p><strong>Įvestis</strong>:</p><p>Įveskite kiek nori pirkti sąsiuvinių: 10<br>Įveskite kiek nori pirkti rašiklių: 3<br>Įveskite kiek nori pirkti trintukų: 4<br>Įveskite kiek yra sąsiuvinių: 15<br>Įveskite kiek yra rašiklių: 20<br>Įveskite kiek yra trintukų: 5</p><p><strong>Išvestis</strong>:</p><p>Kristina visas prekes nupirks vienoje parduotuvėje</p>]]></example>
    <skeleton><![CDATA[# Toliau rašykite kodą...
]]></skeleton>
    <drops><![CDATA[]]></drops>
    <language>lt</language>
    <menu_position>top</menu_position>
    <author>Tomas Blažauskas</author>
    <score>60</score>
    <show_title>1</show_title>
    <show_description>1</show_description>
    <show_examples>1</show_examples>
    <show_icons>0</show_icons>
    <small_icons>0</small_icons>
    <use_drops>0</use_drops>
    <use_hints>0</use_hints>
    <use_ai>1</use_ai>
    <use_explanations>1</use_explanations>
    <use_corrections>0</use_corrections>
    <use_reviews>0</use_reviews>
    <hints>
        
    </hints>
    <show_tests>1</show_tests>
    <show_files>0</show_files>
    <files>
        
    </files>
    <button_new>0</button_new>
    <button_run>1</button_run>
    <button_assess>1</button_assess>
    <button_stop>1</button_stop>
    <button_clear>1</button_clear>
    <button_upload>0</button_upload>
    <button_download>0</button_download>
</task>