<?xml version="1.0" encoding="UTF-8"?>
<lom xmlns="http://ltsc.ieee.org/xsd/LOM" xmlns:xsi="http://www.w3.org/2001/XMLSchema-instance" xsi:schemaLocation="http://ltsc.ieee.org/xsd/LOM lomCustom.xsd">
	<general uniqueElementName="general">
		<identifier>
			<catalog uniqueElementName="catalog">Pitono pamokėlės 2</catalog>
			<entry uniqueElementName="entry">4a7d755e-34a5-410a-a7d4</entry>
		</identifier>
		<title>
			<string language="en">Pikti šunys</string>
		</title>
		<language>en</language>
		<description>
			<string language="en"><p>Viename kaime paštininkas, pienininkas ir šiukšliavežys lankydami vieną namą susiduria su problema – namą saugo du šunys. Kai prasideda diena, pirmasis šuo būna agresyvus <strong>a</strong> minučių, ir po to ramus <strong>b</strong> minučių. Antras šuo atitinkamai agresyvus <strong>c</strong> minučių, ir ramus <strong>d</strong> minučių. Abiejų šunų agresyvumas kartojasi: kiekvienas agresyvumo periodas seka po ramybės periodo. Yra žinomi paštininko, pienininko ir šiukšliavėžio atėjimo laikai <strong>p</strong>, <strong>m</strong> ir <strong>g</strong>.</p><p>Parašykite programą, nustatančią, keli šunys puolė kiekvieną iš atėjusiųjų:</p><ul><li>Pradiniai duomenys skaitomi iš failo <strong>sunys_data.txt</strong> tokia tvarka: <strong>a</strong>, <strong>b</strong>, <strong>c</strong>, <strong>d</strong>, <strong>p</strong>, <strong>m</strong>, <strong>g</strong>.</li><li>Visi duomenys yra sveikieji skaičiai iš intervalo [<strong>1</strong>; <strong>999</strong>].</li><li>Rezultatai įrašomi į rezultatų failą <strong>sunys_res.txt</strong>. Pirmoje eilutėje įrašoma, keli šunys puolė paštininką, antroje – pienininką, trečioje – šiukšliavežį.&nbsp;</li></ul></string>
		</description>
		<aggregationLevel uniqueElementName="aggregationLevel">
			<source uniqueElementName="source">LOM-ESv1.0</source>
			<value uniqueElementName="value">2</value>
		</aggregationLevel>
	</general>
	<lifeCycle>
		<contribute>
			<role uniqueElementName="role">
				<source uniqueElementName="source">LOM-ESv1.0</source>
				<value uniqueElementName="value">author</value>
			</role>
			<entity>BEGIN:VCARD VERSION:3.0 FN:Tomas Blažauskas EMAIL;TYPE=INTERNET: ORG: END:VCARD</entity>
			<date>
				<dateTime uniqueElementName="dateTime">2021-01-07T16:49:22.00+02:00</dateTime>
				<description>
					<string language="lt">Metadata creation date</string>
				</description>
			</date>
		</contribute>
	</lifeCycle>
	<metaMetadata uniqueElementName="metaMetadata">
		<contribute>
			<role uniqueElementName="role">
				<source uniqueElementName="source">LOM-ESv1.0</source>
				<value uniqueElementName="value">creator</value>
			</role>
			<entity>BEGIN:VCARD VERSION:3.0 FN:Tomas Blažauskas EMAIL;TYPE=INTERNET: ORG: END:VCARD</entity>
			<date>
				<dateTime uniqueElementName="dateTime">2021-01-07T16:48:12.00+02:00</dateTime>
				<description>
					<string language="en">Metadata creation date</string>
				</description>
			</date>
		</contribute>
		<metadataSchema>LOM-ESv1.0</metadataSchema>
		<language>en</language>
	</metaMetadata>
	<technical uniqueElementName="technical">
		<otherPlatformRequirements>
			<string language="en">editor: hands</string>
		</otherPlatformRequirements>
	</technical>
	<educational>
		<intendedEndUserRole>
			<source uniqueElementName="source">LOM-ESv1.0</source>
			<value uniqueElementName="value">learner</value>
		</intendedEndUserRole>
		<context>
			<source uniqueElementName="source">LOM-ESv1.0</source>
			<value uniqueElementName="value">presencial</value>
		</context>
		<context>
			<source uniqueElementName="source">LOM-ESv1.0</source>
			<value uniqueElementName="value">classroom</value>
		</context>
		<language>en</language>
	</educational>
	<rights uniqueElementName="rights">
		<copyrightAndOtherRestrictions uniqueElementName="copyrightAndOtherRestrictions">
			<source uniqueElementName="source">LOM-ESv1.0</source>
			<value uniqueElementName="value">public domain</value>
		</copyrightAndOtherRestrictions>
		<access uniqueElementName="access">
			<accessType uniqueElementName="accessType">
				<source uniqueElementName="source">LOM-ESv1.0</source>
				<value uniqueElementName="value">universal</value>
			</accessType>
			<description>
				<string language="lt">Default</string>
			</description>
		</access>
	</rights>
</lom>