<?xml version="1.0" encoding="UTF-8"?>
<lom xmlns="http://ltsc.ieee.org/xsd/LOM" xmlns:xsi="http://www.w3.org/2001/XMLSchema-instance" xsi:schemaLocation="http://ltsc.ieee.org/xsd/LOM lomCustom.xsd">
	<general uniqueElementName="general">
		<identifier>
			<catalog uniqueElementName="catalog">Pitono pamokėlės 2</catalog>
			<entry uniqueElementName="entry">4a7d755e-34a5-410a-a7d4</entry>
		</identifier>
		<title>
			<string language="en">Vairuotojų pažymėjimai</string>
		</title>
		<language>en</language>
		<description>
			<string language="en"><p>Regitra turi duomenis apie vairuotojų pažymėjimų išdavimo datą. Pažymėjimų išduota n (2 &nbsp;≤ n ≤ 100). Pažymėjimas laikomas nebegaliojančiu jei jis išduotas daugiau nei prieš 10 metų. Parenkite programą, kuri:</p><p>nebegaliojančius pažymėjimus pašalintų iš duomenų bazės;</p><p>sudarytų sąrašą savininkų, kurios reikia informuoti apie tai, kad jiems reikia atvykti ir užsisakyti naujus pažymėjimus.</p><p><strong>Pradiniai duomenys</strong>. Duomenų failo <strong>Duomenys.txt</strong> pirmoje eilutėje pateikta patikros data: metai, mėnuo, diena. Tolesnėse eilutėse įvedamas vairuotojo asmens kodas ir data, kada išduotas pažymėjimas: metai, mėnuo, diena. Vienam pažymėjimui skiriama viena eilutė.</p><p><strong>Rezultatai</strong>. Išveskite rezultatus į rezultatų failą <strong>Rezultatai.txt</strong>. Pirmoje eilutėje išvedamas galiojančių pažymėjimų savininkų asmens kodai, gauti iš pradinių duomenų sąrašo pašalinus negaliojančius. Asmens kodai vienas nuo kito atskiriami tarpais. Antroje eilutėje – naujai suformuotas savininkų, kurios reikia informuoti, sąrašas. Asmens kodai vienas nuo kito atskiriami tarpais. Jei kuriame nors sąraše nėra nė vieno asmens, turi būti žodis <strong>Nėra</strong>.&nbsp;</p><p><strong>Reikalavimai programai</strong></p><ul><li>Naudokite sąrašus/masyvus.</li><li>Naudokite funkcijas programos struktūrizavimui.</li></ul></string>
		</description>
		<aggregationLevel uniqueElementName="aggregationLevel">
			<source uniqueElementName="source">LOM-ESv1.0</source>
			<value uniqueElementName="value">2</value>
		</aggregationLevel>
	</general>
	<lifeCycle>
		<contribute>
			<role uniqueElementName="role">
				<source uniqueElementName="source">LOM-ESv1.0</source>
				<value uniqueElementName="value">author</value>
			</role>
			<entity>BEGIN:VCARD VERSION:3.0 FN:Tomas Blažauskas EMAIL;TYPE=INTERNET: ORG: END:VCARD</entity>
			<date>
				<dateTime uniqueElementName="dateTime">2021-01-07T16:49:22.00+02:00</dateTime>
				<description>
					<string language="lt">Metadata creation date</string>
				</description>
			</date>
		</contribute>
	</lifeCycle>
	<metaMetadata uniqueElementName="metaMetadata">
		<contribute>
			<role uniqueElementName="role">
				<source uniqueElementName="source">LOM-ESv1.0</source>
				<value uniqueElementName="value">creator</value>
			</role>
			<entity>BEGIN:VCARD VERSION:3.0 FN:Tomas Blažauskas EMAIL;TYPE=INTERNET: ORG: END:VCARD</entity>
			<date>
				<dateTime uniqueElementName="dateTime">2021-01-07T16:48:12.00+02:00</dateTime>
				<description>
					<string language="en">Metadata creation date</string>
				</description>
			</date>
		</contribute>
		<metadataSchema>LOM-ESv1.0</metadataSchema>
		<language>en</language>
	</metaMetadata>
	<technical uniqueElementName="technical">
		<otherPlatformRequirements>
			<string language="en">editor: hands</string>
		</otherPlatformRequirements>
	</technical>
	<educational>
		<intendedEndUserRole>
			<source uniqueElementName="source">LOM-ESv1.0</source>
			<value uniqueElementName="value">learner</value>
		</intendedEndUserRole>
		<context>
			<source uniqueElementName="source">LOM-ESv1.0</source>
			<value uniqueElementName="value">presencial</value>
		</context>
		<context>
			<source uniqueElementName="source">LOM-ESv1.0</source>
			<value uniqueElementName="value">classroom</value>
		</context>
		<language>en</language>
	</educational>
	<rights uniqueElementName="rights">
		<copyrightAndOtherRestrictions uniqueElementName="copyrightAndOtherRestrictions">
			<source uniqueElementName="source">LOM-ESv1.0</source>
			<value uniqueElementName="value">public domain</value>
		</copyrightAndOtherRestrictions>
		<access uniqueElementName="access">
			<accessType uniqueElementName="accessType">
				<source uniqueElementName="source">LOM-ESv1.0</source>
				<value uniqueElementName="value">universal</value>
			</accessType>
			<description>
				<string language="lt">Default</string>
			</description>
		</access>
	</rights>
</lom>