<?xml version="1.0" encoding="utf-8"?>
<task id="task_44026624">
    <course>Pitono pamokėlės 2</course>
    <title>Rudeninė mugė</title>
    <short>Rudeninė mugė</short>
    <description><![CDATA[<p>Pradinių duomenų failo <strong>Duomenys.txt</strong> pateikti ūkininkų (kurių gali būti ne daugiau kaip 50) duomenys – po kiek kilogramų bulvių pardavė kiekvienas ūkininkas. Kiekvienam ūkininkui skirta atskira eilutė, o kilogramai - sveikasis skaičius.</p><p>Parenkite programą, skaičiuojančią:</p><ul><li>kiek kilogramų bulvių buvo parduota iš viso;</li><li>keli ūkininkai pardavė daugiau nei 50 kg bulvių;</li><li>vieno ūkininko parduotų bulvių vidurkį kilogramais vieno ženklo po kablelio tikslumu.&nbsp;</li></ul><p>Rezultatus išveskite į failą <strong>Rezultatai.txt</strong>.</p><p><strong>Reikalavimai programai</strong></p><ul><li>Naudokite sąrašus.</li><li>Sukurkite sumos skaičiavimo funkciją.</li><li>Sukurkite kiekio skaičiavimo funkciją.</li></ul>]]></description>
    <example><![CDATA[<figure class="table" style="width:100%;"><table class="ck-table-resized"><colgroup><col style="width:48.78%;"><col style="width:51.22%;"></colgroup><tbody><tr><td><strong>Duomenys.txt &nbsp; &nbsp; &nbsp; &nbsp; &nbsp; &nbsp; &nbsp; &nbsp; &nbsp; &nbsp; &nbsp; &nbsp; &nbsp; &nbsp; &nbsp;</strong></td><td><strong>&nbsp;Rezultatai.txt &nbsp; &nbsp; &nbsp; &nbsp; &nbsp; &nbsp; &nbsp;&nbsp;</strong></td></tr><tr><td>56<br>49<br>87</td><td>192<br>2<br>64.0</td></tr></tbody></table></figure>]]></example>
    <skeleton><![CDATA[

]]></skeleton>
    <drops><![CDATA[]]></drops>
    <language>lt</language>
    <programming_language>python</programming_language>
    <menu_position>top</menu_position>
    <author>Tomas Blažauskas</author>
    <score>80</score>
    <show_title>1</show_title>
    <show_description>1</show_description>
    <show_examples>1</show_examples>
    <show_icons>0</show_icons>
    <small_icons>0</small_icons>
    <use_drops>0</use_drops>
    <use_hints>0</use_hints>
    <use_ai>1</use_ai>
    <use_explanations>1</use_explanations>
    <use_corrections>0</use_corrections>
    <use_reviews>0</use_reviews>
    <hints>
        
    </hints>
    <show_tests>1</show_tests>
    <show_files>1</show_files>
    <files>
        <file filename="Duomenys.txt"><![CDATA[56
49
87]]></file>

    </files>
    <button_new>0</button_new>
    <button_run>1</button_run>
    <button_assess>1</button_assess>
    <button_stop>1</button_stop>
    <button_clear>1</button_clear>
    <button_upload>0</button_upload>
    <button_download>0</button_download>
</task>