<?xml version="1.0" encoding="utf-8"?>
<task id="sesupe">
    <title>Šešupė</title>
    <short>Šešupė</short>
    <description><![CDATA[<p>Kartą berniukas, kuris mokėjo tik skaičiuoti užra&scaron;ė:</p>
<p><strong>UPĖ * UPĖ=&Scaron;E&Scaron;UPĖ</strong></p>
<p>Tada berniukas pradėjo galvoti ar yra tokios raidžių skaitinės reik&scaron;mės su kuriomis &scaron;is rei&scaron;kinys būtų teisingas.</p>
<p>Raskite mažiausią žodžio&nbsp;<strong>&Scaron;E&Scaron;UPĖ</strong>&nbsp;skaitinę reik&scaron;mę.</p>]]>
    </description>
    <example><![CDATA[<p>Atsakymas - skaičius i&scaron; 6 skaitmenų.</p>]]>
    </example>
    <skeleton><![CDATA[# Toliau rašykite kodą...
    ]]>
    </skeleton>
    <author>arzinai.lt</author>
    <score>100</score>
</task>