<?xml version="1.0" encoding="utf-8"?>
<task id="pitono_pamokeles_gimtadienis_1">
    <course>Pitono pamokėlės</course>
    <title>Gimtadienis</title>
    <short>Gimtadienis</short>
    <description><![CDATA[<p>Šiandien Tautvydas švenčia gimtadienį. Jam sukanka <strong>a</strong> metų. Parašykite programą, kuri apskaičiuotų, kiek mėnesių (kintamasis - <i><strong>menesiu</strong></i>), dienų (kintamasis - <i><strong>dienu</strong></i>) ir valandų (kintamasis - <i><strong>valandu</strong></i>) Tautvydas jau gyveno šiame pasaulyje. Tarkime, kad metai turi <strong>365</strong> dienas. Pasitikrinkite. Įvedę <strong>16</strong> metų, turėtumėte gauti <strong>192</strong> mėnesius, <strong>5840</strong> dienas ir <strong>140160</strong> valandas. Mėnesius, dienas ir valandas išveskite atskirose eilutėse.&nbsp;</p>]]></description>
    <example><![CDATA[<p><strong>Įvestis</strong>:</p><p>16</p><p><strong>Išvestis</strong>:</p><p>192</p><p>5840</p><p>140160</p>]]></example>
    <skeleton><![CDATA[# Toliau rašykite kodą...
]]></skeleton>
    <language>lt</language>
    <menu_position>top</menu_position>
    <author>Tomas Blažauskas</author>
    <score>60</score>
    <show_title>1</show_title>
    <show_description>1</show_description>
    <show_examples>1</show_examples>
    <show_icons>0</show_icons>
    <small_icons>0</small_icons>
    <show_tests>1</show_tests>
    <show_files>0</show_files>
    <files>
        
    </files>
    <button_new>0</button_new>
    <button_run>1</button_run>
    <button_assess>1</button_assess>
    <button_stop>1</button_stop>
    <button_clear>0</button_clear>
    <button_upload>0</button_upload>
    <button_download>0</button_download>
</task>