<?xml version="1.0" encoding="UTF-8"?>
<lom xmlns="http://ltsc.ieee.org/xsd/LOM" xmlns:xsi="http://www.w3.org/2001/XMLSchema-instance" xsi:schemaLocation="http://ltsc.ieee.org/xsd/LOM lomCustom.xsd">
	<general uniqueElementName="general">
		<identifier>
			<catalog uniqueElementName="catalog">Pitono pamokėlės 2</catalog>
			<entry uniqueElementName="entry">4a7d755e-34a5-410a-a7d4</entry>
		</identifier>
		<title>
			<string language="en">Krepšininkai</string>
		</title>
		<language>en</language>
		<description>
			<string language="en"><p>Visi komandos krepšininkai varžybų metu dėvi marškinėlius su skirtingais numeriais, kurie nebūtinai yra nuosekli skaičių seka. Varžybų komentatoriai visuomet gauna žaidžiančių sąrašus, sudarytus didėjimo tvarka pagal jų asmeninius numerius. Varžybų sezono pradžioje komanda pasipildė keliais naujokais, kuriems iš sandėlio išdavė marškinėlius su laisvais žaidėjų numeriais.</p><p>Parenkite programą, kuri papildytų komandos narių sąrašą, skirtą komentatoriams. Pradiniai duomenys yra dviejuose failuose (<strong>krepsininkai.txt</strong> ir <strong>naujokai.txt</strong>). Pirmame faile yra žaidėjų sąrašas skirtas komentatoriams, antrame - &nbsp;naujokų numeriai.</p><p><strong>Reikalavimai programai</strong></p><ul><li>Naudokite sąrašus/masyvus.</li><li>Naudokite funkcijas programos struktūrizavimui.</li><li>Pamėginkite tiek panaudoti Pitono rūšiavimo funkciją, tiek įgyvendinti klasikinį rūšiavimo algoritmą.</li></ul></string>
		</description>
		<aggregationLevel uniqueElementName="aggregationLevel">
			<source uniqueElementName="source">LOM-ESv1.0</source>
			<value uniqueElementName="value">2</value>
		</aggregationLevel>
	</general>
	<lifeCycle>
		<contribute>
			<role uniqueElementName="role">
				<source uniqueElementName="source">LOM-ESv1.0</source>
				<value uniqueElementName="value">author</value>
			</role>
			<entity>BEGIN:VCARD VERSION:3.0 FN:Tomas Blažauskas EMAIL;TYPE=INTERNET: ORG: END:VCARD</entity>
			<date>
				<dateTime uniqueElementName="dateTime">2021-01-07T16:49:22.00+02:00</dateTime>
				<description>
					<string language="lt">Metadata creation date</string>
				</description>
			</date>
		</contribute>
	</lifeCycle>
	<metaMetadata uniqueElementName="metaMetadata">
		<contribute>
			<role uniqueElementName="role">
				<source uniqueElementName="source">LOM-ESv1.0</source>
				<value uniqueElementName="value">creator</value>
			</role>
			<entity>BEGIN:VCARD VERSION:3.0 FN:Tomas Blažauskas EMAIL;TYPE=INTERNET: ORG: END:VCARD</entity>
			<date>
				<dateTime uniqueElementName="dateTime">2021-01-07T16:48:12.00+02:00</dateTime>
				<description>
					<string language="en">Metadata creation date</string>
				</description>
			</date>
		</contribute>
		<metadataSchema>LOM-ESv1.0</metadataSchema>
		<language>en</language>
	</metaMetadata>
	<technical uniqueElementName="technical">
		<otherPlatformRequirements>
			<string language="en">editor: hands</string>
		</otherPlatformRequirements>
	</technical>
	<educational>
		<intendedEndUserRole>
			<source uniqueElementName="source">LOM-ESv1.0</source>
			<value uniqueElementName="value">learner</value>
		</intendedEndUserRole>
		<context>
			<source uniqueElementName="source">LOM-ESv1.0</source>
			<value uniqueElementName="value">presencial</value>
		</context>
		<context>
			<source uniqueElementName="source">LOM-ESv1.0</source>
			<value uniqueElementName="value">classroom</value>
		</context>
		<language>en</language>
	</educational>
	<rights uniqueElementName="rights">
		<copyrightAndOtherRestrictions uniqueElementName="copyrightAndOtherRestrictions">
			<source uniqueElementName="source">LOM-ESv1.0</source>
			<value uniqueElementName="value">public domain</value>
		</copyrightAndOtherRestrictions>
		<access uniqueElementName="access">
			<accessType uniqueElementName="accessType">
				<source uniqueElementName="source">LOM-ESv1.0</source>
				<value uniqueElementName="value">universal</value>
			</accessType>
			<description>
				<string language="lt">Default</string>
			</description>
		</access>
	</rights>
</lom>