<?xml version="1.0" encoding="utf-8"?>
<task id="task_81928257">
    <course>Pitono pamokėlės 2</course>
    <title>Kreditų rinkimas</title>
    <short>Kreditų rinkimas</short>
    <description><![CDATA[<p>Laurynui reikia susirinkti n kreditų, kad galėtų gauti norimą sertifikatą (<strong>1 ≤ n ≤ 120</strong>). Disciplinos suskirstytos į <strong>g (1 ≤ g ≤ 16)</strong> grupių. Iš kiekvienos grupės Laurynas renkasi tik vieną discipliną, kuri įvertinta kuo daugiau kreditų ir kuri neviršija trūkstamo kreditų skaičiaus. Jei iš grupės disciplinų nei viena neatitinka reikalavimų, iš tos grupės Laurynas nesirenka. Visas grupes Laurynas tikrina iš eilės ir tik vieną kartą.</p><p>Žinoma, Laurynui gali nepavykti susirinkti lygiai tiek kreditų, kiek reikia sertifikatui gauti. Parenkite programą, kuri apskaičiuotų, kiek disciplinų <strong>d</strong> pavyko pasirinkti Laurynui ir kelių kreditų <strong>k</strong> jam dar trūksta. Pirmose <strong>g</strong> eilučių turi būti surašytos likusių nepasirinktų disciplinų kreditų reikšmės. Vienai grupei skiriama viena eilutė.</p><p>Pradinių duomenų failo <strong>Duomenys.txt</strong> pirmoje eilutėje įrašytos <strong>n</strong> ir <strong>g</strong> reikšmės. Tolesnėse <strong>g</strong> eilučių nurodyta, kelios disciplinos yra kiekvienoje grupėje ir surašytas kiekvienos disciplinos kreditų skaičius. Visi duomenys yra sveikieji skaičiai.</p><p>Rezultatų faile <strong>Rezultatai.txt</strong> pirmose g eilučių turi būti įrašytos nepasirinktų disciplinų kreditų reikšmės surikiuotos mažėjimo tvarka, paskutinėje eilutėje turi būti įrašytos <strong>d</strong> ir <strong>k</strong> reikšmės atskirtos tarpu.</p><p><strong>Reikalavimai programai</strong></p><ul><li>Naudokite sąrašus/masyvus.</li><li>Naudokite funkcijas programos struktūrizavimui.</li></ul>]]></description>
    <example><![CDATA[<figure class="table" style="width:100%;"><table class="ck-table-resized"><colgroup><col style="width:48.78%;"><col style="width:51.22%;"></colgroup><tbody><tr><td><strong>Duomenys.txt &nbsp; &nbsp; &nbsp; &nbsp; &nbsp; &nbsp; &nbsp; &nbsp; &nbsp; &nbsp; &nbsp; &nbsp; &nbsp; &nbsp; &nbsp;</strong></td><td><strong>&nbsp;Rezultatai.txt &nbsp; &nbsp; &nbsp; &nbsp; &nbsp; &nbsp; &nbsp;&nbsp;</strong></td></tr><tr><td>64 4<br>2 16 10<br>4 10 12 16 6<br>3 12 6 16<br>3 10 16 12 4</td><td>10<br>10 12 6<br>12 6<br>10 12 4<br>4 0</td></tr><tr><td>60 4<br>2 16 10<br>4 10 12 16 6<br>3 12 6 16<br>3 10 16 12 4&nbsp;</td><td>10<br>10 12 6<br>12 6<br>10 16 4<br>4 0&nbsp;</td></tr></tbody></table></figure>]]></example>
    <skeleton><![CDATA[

]]></skeleton>
    <drops><![CDATA[]]></drops>
    <language>lt</language>
    <programming_language>python</programming_language>
    <menu_position>top</menu_position>
    <author>Tomas Blažauskas</author>
    <score>80</score>
    <show_title>1</show_title>
    <show_description>1</show_description>
    <show_examples>1</show_examples>
    <show_icons>0</show_icons>
    <small_icons>0</small_icons>
    <use_drops>0</use_drops>
    <use_hints>0</use_hints>
    <use_ai>1</use_ai>
    <use_explanations>1</use_explanations>
    <use_corrections>0</use_corrections>
    <use_reviews>0</use_reviews>
    <hints>
        
    </hints>
    <show_tests>1</show_tests>
    <show_files>1</show_files>
    <files>
        <file filename="Duomenys.txt"><![CDATA[64 4
2 16 10
4 10 12 16 6
3 12 6 16
3 10 16 12 4]]></file>

    </files>
    <button_new>0</button_new>
    <button_run>1</button_run>
    <button_assess>1</button_assess>
    <button_stop>1</button_stop>
    <button_clear>1</button_clear>
    <button_upload>0</button_upload>
    <button_download>0</button_download>
</task>