<?xml version="1.0" encoding="utf-8"?>
<task id="ir_vel_pirminiai">
    <title>Ir vėl pirminiai</title>
    <short>Ir vėl pirminiai</short>
    <description><![CDATA[<p><strong>a</strong>,&nbsp;<strong>b</strong>,&nbsp;<strong>c</strong>&nbsp;ir&nbsp;<strong>d</strong>&nbsp;yra skirtingi pirminiai skaičiai. Duota tokia forumulė:</p>
<div>
<p>396<strong>*a&nbsp;</strong>+ 210<strong>*b&nbsp;</strong>- 1232<strong>*c&nbsp;</strong>- 231<strong>*d</strong>&nbsp;= 924</p>
</div>
<p>Raskite &scaron;ių keturių pirminių skaičių sandaugą.</p>]]>
    </description>
    <example><![CDATA[<p>Atsakymas - surastų keturių pirminių skaičių sandauga (vienas skaičius).</p>]]>
    </example>
    <skeleton><![CDATA[# Toliau rašykite kodą...]]>
    </skeleton>
    <author>arzinai.lt</author>
    <score>100</score>
</task>