<?xml version="1.0" encoding="utf-8"?>
<task id="task_46039198">
    <course>Pitono pamokėlės 2</course>
    <title>Iššūkis vienuoliktokams</title>
    <short>Iššūkis vienuoliktokams</short>
    <description><![CDATA[<p>Vienos mokyklos vienuoliktokams, besimokantiems informatiką A kursu, labai sunkiai sekasi programavimas. Vienuoliktokai pradėjo derybas su mokytoja dėl pusmečio galutinio įvertinimo skaičiavimo. Vienuoliktokai mokytojai pasiūlė išvesti pusmečio įvertinimą atmetus už programavimą gautus pažymius.</p><p>Mokytoja sutiko su vienuoliktokų siūlomomis taisyklėmis, bet tik su sąlyga, jei jie parašys programą, skaičiuojančią, koks bus įvertinimas išbraukus iš pažymių sąrašo už programavimą gautus pažymius (naujas pažymių sąrašas negali būti formuojamas, už programavimą gauti pažymiai yra neigiami skaičiai) ir apskaičiuotų likusių pažymių vidurkį.</p><p>Vienuoliktokai nepriėmė mokytojos iššūkio. Pabandykite šį iššūkį įveikti jūs.</p><p>Pradinių duomenų failo <strong>Duomenys.txt</strong> eilutėse įrašyta informcija apie kiekvieną mokinį: mokinio kodas (triženklis natūralusis skaičius) ir mokinio gauti pažymiai.</p><p>Rezultatų faile <strong>Rezultatai.txt</strong> įrašykite kiekvieno mokinio kodą ir įvertinimą, apskaičiuotą pagal naujas taisykles ir suapvalintą iki sveiko skaičiaus.&nbsp;</p><p><strong>Reikalavimai programai</strong></p><ul><li>Naudokite sąrašus/masyvus.</li><li>Naudokite funkcijas programos struktūrizavimui.</li></ul>]]></description>
    <example><![CDATA[<figure class="table" style="width:100%;"><table class="ck-table-resized"><colgroup><col style="width:48.78%;"><col style="width:51.22%;"></colgroup><tbody><tr><td><strong>Duomenys.txt &nbsp; &nbsp; &nbsp; &nbsp; &nbsp; &nbsp; &nbsp; &nbsp; &nbsp; &nbsp; &nbsp; &nbsp; &nbsp; &nbsp; &nbsp;</strong></td><td><strong>&nbsp;Rezultatai.txt &nbsp; &nbsp; &nbsp; &nbsp; &nbsp; &nbsp; &nbsp;&nbsp;</strong></td></tr><tr><td>100 7 -4 8 -3 8<br>110 8 -2 7 -2<br>111 -4 10 9 -3 8 9&nbsp;</td><td>100 8<br>110 8<br>111 9</td></tr></tbody></table></figure>]]></example>
    <skeleton><![CDATA[

]]></skeleton>
    <drops><![CDATA[]]></drops>
    <language>lt</language>
    <programming_language>python</programming_language>
    <menu_position>top</menu_position>
    <author>Tomas Blažauskas</author>
    <score>80</score>
    <show_title>1</show_title>
    <show_description>1</show_description>
    <show_examples>1</show_examples>
    <show_icons>0</show_icons>
    <small_icons>0</small_icons>
    <use_drops>0</use_drops>
    <use_hints>0</use_hints>
    <use_ai>1</use_ai>
    <use_explanations>1</use_explanations>
    <use_corrections>0</use_corrections>
    <use_reviews>0</use_reviews>
    <hints>
        
    </hints>
    <show_tests>1</show_tests>
    <show_files>1</show_files>
    <files>
        <file filename="Duomenys.txt"><![CDATA[100 7 -4 8 -3 8
110 8 -2 7 -2
111 -4 10 9 -3 8 9]]></file>

    </files>
    <button_new>0</button_new>
    <button_run>1</button_run>
    <button_assess>1</button_assess>
    <button_stop>1</button_stop>
    <button_clear>1</button_clear>
    <button_upload>0</button_upload>
    <button_download>0</button_download>
</task>