<?xml version="1.0" encoding="utf-8"?>
<task id="task_51825109">
    <course>Pitono pamokėlės 2</course>
    <title>Dalelė</title>
    <short>Dalelė</short>
    <description><![CDATA[<p>Mokslininkas stebi vandens paviršiuje pakibusios kietosios dalelės judėjimą ir kas <strong>N</strong> sekundžių užrašo jos koordinates. Parašykite programą, kuri apskaičiuotų kietosios dalelės mažiausią, vidutinį, didžiausią greitį ir dalelės nukeliautą kelią.</p><p>Tekstiniame faile <strong>Duomenys.txt</strong> pirmoje eilutėje užrašytas dalelės koordinačių skaičius <strong>M (1 &lt; M ≤ 100)</strong> ir koordinačių fiksavimo intervalas <strong>N (N &gt; 0)</strong> sekundėmis. Sekančiose failo eilutėse užrašytos dalelės koordinatės <strong>Xi</strong> ir <strong>Yi (1 ≤ i ≤ M)</strong> milimetrais (<strong>Xi</strong> ir <strong>Yi</strong> – realieji skaičiai).&nbsp;</p><p>Tekstiniame faile <strong>Rezultatai.txt</strong> spausdinkite kietosios dalelės mažiausią, vidutinį, didžiausią greitį ir dalelės nukeliautą kelią kaip nurodyta pavyzdyje.&nbsp;</p><p>Rezultatus išveskite į failą <strong>Rezultatai.txt</strong>.</p><p><strong>Reikalavimai programai</strong></p><ul><li>Naudokite realiųjų sąrašus/masyvus.</li><li>Naudokite funkcijas programos struktūrizavimui.</li><li>Rezultatuose išveskite du skaičius po kablelio.</li></ul>]]></description>
    <example><![CDATA[<figure class="table" style="width:100%;"><table class="ck-table-resized"><colgroup><col style="width:48.78%;"><col style="width:51.22%;"></colgroup><tbody><tr><td><strong>Duomenys.txt &nbsp; &nbsp; &nbsp; &nbsp; &nbsp; &nbsp; &nbsp; &nbsp; &nbsp; &nbsp; &nbsp; &nbsp; &nbsp; &nbsp; &nbsp;</strong></td><td><strong>&nbsp;Rezultatai.txt &nbsp; &nbsp; &nbsp; &nbsp; &nbsp; &nbsp; &nbsp;&nbsp;</strong></td></tr><tr><td>5 2<br>1.8 2.7<br>-0.5 4.3<br>-1.4 3.2<br>0.1 1.4<br>0.7 -0.5&nbsp;</td><td>Minimalus greitis: 0.71 mm/s<br>Vidutinis greitis: 1.07 mm/s<br>Maksimalus greitis: 1.40 mm/s<br>Nukeliautas kelias: 8.56 mm</td></tr></tbody></table></figure>]]></example>
    <skeleton><![CDATA[

]]></skeleton>
    <drops><![CDATA[]]></drops>
    <language>lt</language>
    <programming_language>python</programming_language>
    <menu_position>top</menu_position>
    <author>Tomas Blažauskas</author>
    <score>80</score>
    <show_title>1</show_title>
    <show_description>1</show_description>
    <show_examples>1</show_examples>
    <show_icons>0</show_icons>
    <small_icons>0</small_icons>
    <use_drops>0</use_drops>
    <use_hints>0</use_hints>
    <use_ai>1</use_ai>
    <use_explanations>1</use_explanations>
    <use_corrections>0</use_corrections>
    <use_reviews>0</use_reviews>
    <hints>
        
    </hints>
    <show_tests>1</show_tests>
    <show_files>1</show_files>
    <files>
        <file filename="Duomenys.txt"><![CDATA[5 2
1.8 2.7
-0.5 4.3
-1.4 3.2
0.1 1.4
0.7 -0.5]]></file>

    </files>
    <button_new>0</button_new>
    <button_run>1</button_run>
    <button_assess>1</button_assess>
    <button_stop>1</button_stop>
    <button_clear>1</button_clear>
    <button_upload>0</button_upload>
    <button_download>0</button_download>
</task>