<?xml version="1.0" encoding="utf-8"?>
<task id="pasisveikinimai">
    <title>Pasisveikinimai</title>
    <short>Pasisveikinimai</short>
    <description><![CDATA[<p>Klasėje yra ne mažiau nei&nbsp;<strong>3</strong>&nbsp;eilės vienviečių suolų. Ir kas įdomiausia - rugsėjo pirmąją susirinko pilna klasė mokinių, kurie užėmė visus suolus. Jie pradėjo i&scaron; karto sveikintis vieni su kitais. Kadangi klasėje pamokos metu nebuvo galima vaik&scaron;čioti, kiekvienas mokinys pasisveikino su savo kaimynais (įskaitant ir įstrižai esančiuose suoluose).</p>
<p>Kiek klasėje susėdo mokinių, jei i&scaron; viso buvo pasisveikinta&nbsp;<strong>81</strong>&nbsp;kartą?</p>]]>
    </description>
    <example><![CDATA[<p>Atsakymas - mokinių skaičius (vienas skaičius).</p>]]>
    </example>
    <skeleton><![CDATA[# Toliau rašykite kodą...]]>
    </skeleton>
    <author>arzinai.lt</author>
    <score>100</score>
</task>