<?xml version="1.0" encoding="utf-8"?>
<task id="task_15863292">
    <course>Pitono pamokėlės 2</course>
    <title>Cituojamumo indeksas</title>
    <short>Cituojamumo indeksas</short>
    <description><![CDATA[<p>Mokslo žurnalai matuoja cituojamumo indeksą, kuris apskaičiuojamas kaip žurnale išspausdintų straipsnių citavimų skaičiaus ir straipsnių skaičiaus santykis. Pvz., jei žurnalas išspausdino 38 straipsnius, kurie buvo pacituoti 894 kartus, tuomet žurnalo cituojamumo indeksas 894/38 = 23.53, suapvalinamas iki 24. Cituojamumo indeksas visuomet apvalinamas iki gretimo didesnio sveikojo skaičiaus. &nbsp;</p><p>Pradinių duomenų faile <strong>cituojamumas_data.txt</strong> įrašyti du sveikieji skaičiai <strong>s</strong> ir <strong>c</strong>. <strong>s</strong> nurodo planuojamų spausdinti straipsnių skaičių, <strong>c</strong> – kokį cituojamumo indeksą planuojama pasiekti. &nbsp;</p><p>Rezultatų faile <strong>cituojamumas_res.txt</strong> turi būti išvestas vienas sveikasis skaičius – kokį minimalų skaičių kartų turi būti pacituoti straipsniai, kad būtų pasiektas planuojamas cituojamumo indeksas <strong>c</strong>.&nbsp;</p>]]></description>
    <example><![CDATA[<figure class="table"><table><tbody><tr><td><strong>cituojamumas_data.txt</strong></td><td><strong>cituojamumas_res.txt</strong></td></tr><tr><td>38 24</td><td>875</td></tr><tr><td>1 100</td><td>100</td></tr><tr><td>10 10</td><td>91</td></tr></tbody></table></figure>]]></example>
    <skeleton><![CDATA[# Toliau rašykite kodą...
]]></skeleton>
    <drops><![CDATA[]]></drops>
    <language>lt</language>
    <programming_language>python</programming_language>
    <menu_position>top</menu_position>
    <author>Tomas Blažauskas</author>
    <score>70</score>
    <show_title>1</show_title>
    <show_description>1</show_description>
    <show_examples>1</show_examples>
    <show_icons>0</show_icons>
    <small_icons>0</small_icons>
    <use_drops>0</use_drops>
    <use_hints>0</use_hints>
    <use_ai>1</use_ai>
    <use_explanations>1</use_explanations>
    <use_corrections>0</use_corrections>
    <use_reviews>0</use_reviews>
    <hints>
        
    </hints>
    <show_tests>1</show_tests>
    <show_files>1</show_files>
    <files>
        <file filename="cituojamumas_data.txt"><![CDATA[38 24]]></file>

    </files>
    <button_new>0</button_new>
    <button_run>1</button_run>
    <button_assess>1</button_assess>
    <button_stop>0</button_stop>
    <button_clear>1</button_clear>
    <button_upload>0</button_upload>
    <button_download>0</button_download>
</task>