<?xml version="1.0" encoding="utf-8"?>
<task id="pitono_pamokeles_saldainiai_1">
    <course>Pitono pamokėlės</course>
    <title>Saldainiai</title>
    <short>Saldainiai</short>
    <description><![CDATA[<p>Saulius labai mėgsta saldainius. Mama kiekvieną dieną jam nuperka po n saldainių, tačiau leidžia suvalgyti tik m saldainių, o likusius paslepia. Praėjus k dienų mamos slėptuvėje Saulius surado saldainius ir nusprendė apskaičiuoti, kelioms dienoms tų saldainių užteks, jei valgys po m saldainių. Jei paskutinei dienai saldainių liktų mažiau, tai pavaišins draugus – kiekvienam po vieną saldainį. Kiek draugų pavaišins Saulius?</p><p><i>Pasitikrinkite</i>: jei <strong>n = 5</strong>, <strong>m = 2</strong>, <strong>k = 3</strong>, kompiuterio ekrane turi būti rodomi rezultatai: <strong>dienų: 4</strong>, <strong>draugų: 1</strong>.</p>]]></description>
    <example><![CDATA[<p><strong>Įvestis</strong>:</p><p>Kiek mama nuperka saldainių?</p><p>5</p><p>Kiek mama leidžia suvalgyti?</p><p>2</p><p>Po kiek dienų Saulius surado saldainius?</p><p>3</p><p><strong>Išvestis</strong>:</p><p>dienų: 4</p><p>draugų: 1</p>]]></example>
    <skeleton><![CDATA[# Toliau rašykite kodą...
]]></skeleton>
    <language>lt</language>
    <menu_position>top</menu_position>
    <author>Tomas Blažauskas</author>
    <score>60</score>
    <show_title>1</show_title>
    <show_description>1</show_description>
    <show_examples>1</show_examples>
    <show_icons>0</show_icons>
    <small_icons>0</small_icons>
    <show_tests>1</show_tests>
    <show_files>0</show_files>
    <files>
        
    </files>
    <button_new>0</button_new>
    <button_run>1</button_run>
    <button_assess>1</button_assess>
    <button_stop>1</button_stop>
    <button_clear>0</button_clear>
    <button_upload>0</button_upload>
    <button_download>0</button_download>
</task>