<?xml version="1.0" encoding="utf-8"?>
<task id="task_70745746">
    <course>Pitono pamokėlės 2</course>
    <title>Krepšininkai</title>
    <short>Krepšininkai</short>
    <description><![CDATA[<p>Visi komandos krepšininkai varžybų metu dėvi marškinėlius su skirtingais numeriais, kurie nebūtinai yra nuosekli skaičių seka. Varžybų komentatoriai visuomet gauna žaidžiančių sąrašus, sudarytus didėjimo tvarka pagal jų asmeninius numerius. Varžybų sezono pradžioje komanda pasipildė keliais naujokais, kuriems iš sandėlio išdavė marškinėlius su laisvais žaidėjų numeriais.</p><p>Parenkite programą, kuri papildytų komandos narių sąrašą, skirtą komentatoriams. Pradiniai duomenys yra dviejuose failuose (<strong>krepsininkai.txt</strong> ir <strong>naujokai.txt</strong>). Pirmame faile yra žaidėjų sąrašas skirtas komentatoriams, antrame - &nbsp;naujokų numeriai.</p><p><strong>Reikalavimai programai</strong></p><ul><li>Naudokite sąrašus/masyvus.</li><li>Naudokite funkcijas programos struktūrizavimui.</li><li>Pamėginkite tiek panaudoti Pitono rūšiavimo funkciją, tiek įgyvendinti klasikinį rūšiavimo algoritmą.</li></ul>]]></description>
    <example><![CDATA[<figure class="table" style="width:100%;"><table class="ck-table-resized"><colgroup><col style="width:35.27%;"><col style="width:32.74%;"><col style="width:31.99%;"></colgroup><tbody><tr><td><strong>krepsininkai.txt &nbsp; &nbsp; &nbsp; &nbsp; &nbsp; &nbsp; &nbsp; &nbsp; &nbsp; &nbsp; &nbsp; &nbsp; &nbsp; &nbsp; &nbsp;</strong></td><td><strong>naujokai.txt &nbsp; &nbsp; &nbsp; &nbsp; &nbsp; &nbsp; &nbsp; &nbsp; &nbsp; &nbsp;</strong></td><td><strong>&nbsp;Rezultatai.txt &nbsp; &nbsp; &nbsp; &nbsp; &nbsp; &nbsp; &nbsp;&nbsp;</strong></td></tr><tr><td>1 2 5 6 9 10 12 15</td><td>8 11 4</td><td>1 2 4 5 6 8 9 10 11 12 15</td></tr></tbody></table></figure>]]></example>
    <skeleton><![CDATA[

]]></skeleton>
    <drops><![CDATA[]]></drops>
    <language>lt</language>
    <programming_language>python</programming_language>
    <menu_position>top</menu_position>
    <author>Tomas Blažauskas</author>
    <score>80</score>
    <show_title>1</show_title>
    <show_description>1</show_description>
    <show_examples>1</show_examples>
    <show_icons>0</show_icons>
    <small_icons>0</small_icons>
    <use_drops>0</use_drops>
    <use_hints>0</use_hints>
    <use_ai>1</use_ai>
    <use_explanations>1</use_explanations>
    <use_corrections>0</use_corrections>
    <use_reviews>0</use_reviews>
    <hints>
        
    </hints>
    <show_tests>1</show_tests>
    <show_files>1</show_files>
    <files>
        <file filename="krepsininkai.txt"><![CDATA[1 2 5 6 9 10 12 15]]></file>
<file filename="naujokai.txt"><![CDATA[8 11 4]]></file>

    </files>
    <button_new>0</button_new>
    <button_run>1</button_run>
    <button_assess>1</button_assess>
    <button_stop>1</button_stop>
    <button_clear>1</button_clear>
    <button_upload>0</button_upload>
    <button_download>0</button_download>
</task>