<?xml version="1.0" encoding="utf-8"?>
<task id="savi_aprasantis_skaicius">
    <title>Save aprašantis skaičius</title>
    <short>Save aprašantis skaičius</short>
    <description><![CDATA[<p>Para&scaron;ykite de&scaron;imtainį skaičių taip, kad:</p>
<ul>
<li>pirmas skaitmuo parodytų vienetukų kiekį jame,</li>
<li>antras dvejetukų kiekį,</li>
<li>trečias trejetukų ir t.t.</li>
<li>...</li>
<li>iki de&scaron;imto kuris parodytų kiek yra nuliukų.</li>
</ul>]]>
    </description>
    <example><![CDATA[<p>Atsakymas - skaičius, kuris atitinka apra&scaron;ytą sąlygą.</p>]]>
    </example>
    <skeleton><![CDATA[# Toliau rašykite kodą...]]>
    </skeleton>
    <author>arzinai.lt</author>
    <score>100</score>
</task>