<?xml version="1.0" encoding="utf-8"?>
<task id="task_88398920">
    <course>Pitono pamokėlės 2</course>
    <title>Ūgiai</title>
    <short>Ūgiai</short>
    <description><![CDATA[<p>Klasėje yra <strong>n</strong> mokinių. Duomenų faile (<strong>Duomenys.txt</strong>) pirmoje eilutėje pateikta klasė (skaičius ir raidė), antroje eilutėje - &nbsp;pateikti mokinių ūgiai.&nbsp;</p><p>Rezultatų faile (<strong>Rezultatai.txt</strong>) reikia atspausdinti ūgius surikiuotus didėjimo tvarka ir vidutinį mokinių ūgį (vieno skaičiaus po kablelio tikslumu).</p><p>Pastaba: klasei aprašyti naudoti string tipą. Mokinių kiekis mažesnis nei 35.</p><p><strong>Reikalavimai programai</strong></p><ul><li>Naudokite sąrašus/masyvus.</li><li>Naudokite funkcijas programos struktūrizavimui.</li></ul>]]></description>
    <example><![CDATA[<figure class="table" style="width:100%;"><table class="ck-table-resized"><colgroup><col style="width:48.78%;"><col style="width:51.22%;"></colgroup><tbody><tr><td><strong>Duomenys.txt &nbsp; &nbsp; &nbsp; &nbsp; &nbsp; &nbsp; &nbsp; &nbsp; &nbsp; &nbsp; &nbsp; &nbsp; &nbsp; &nbsp; &nbsp;</strong></td><td><strong>&nbsp;Rezultatai.txt &nbsp; &nbsp; &nbsp; &nbsp; &nbsp; &nbsp; &nbsp;&nbsp;</strong></td></tr><tr><td>3a<br>170 160 185 190 180 170</td><td>160 0 &nbsp;170 180 185 190<br>175.8</td></tr></tbody></table></figure>]]></example>
    <skeleton><![CDATA[

]]></skeleton>
    <drops><![CDATA[]]></drops>
    <language>lt</language>
    <programming_language>python</programming_language>
    <menu_position>top</menu_position>
    <author>Tomas Blažauskas</author>
    <score>80</score>
    <show_title>1</show_title>
    <show_description>1</show_description>
    <show_examples>1</show_examples>
    <show_icons>0</show_icons>
    <small_icons>0</small_icons>
    <use_drops>0</use_drops>
    <use_hints>0</use_hints>
    <use_ai>1</use_ai>
    <use_explanations>1</use_explanations>
    <use_corrections>0</use_corrections>
    <use_reviews>0</use_reviews>
    <hints>
        
    </hints>
    <show_tests>1</show_tests>
    <show_files>1</show_files>
    <files>
        <file filename="Duomenys.txt"><![CDATA[3a
170 160 185 190 180 170]]></file>

    </files>
    <button_new>0</button_new>
    <button_run>1</button_run>
    <button_assess>1</button_assess>
    <button_stop>1</button_stop>
    <button_clear>1</button_clear>
    <button_upload>0</button_upload>
    <button_download>0</button_download>
</task>