<?xml version="1.0" encoding="utf-8"?>
<task id="agurkai">
    <title>Kiek agurkų?</title>
    <short>Agurkai</short>
    <description><![CDATA[<p>Antanas nuskynė 1 agurku daugiau nei Audrius. Artūras nuskynė 1 agurku daugiau nei Arvydas. Antanas su Audrium nuskynė 10 agurkų daugiau nei Artūras su Arvydu. Antanas, Audrius, Artūras ir Arvydas nuskynė 60 agurkų. Kiek agurkų nuskynė Antanas?</p>]]>
    </description>
    <example><![CDATA[<p>I&scaron;vestis - Antano nuskintų agurkų skaičius.</p>]]>
    </example>
    <skeleton><![CDATA[# Toliau rašykite kodą...]]>
    </skeleton>
    <author>arzinai.lt</author>
    <score>100</score>
</task>