<?xml version="1.0" encoding="utf-8"?>
<task id="pitono_pamokeles_pervezimai_1">
    <course>Pitono pamokėlės</course>
    <title>Pervežimai</title>
    <short>Pervežimai</short>
    <description><![CDATA[<p>Vairuotojas iš sandėlio į parduotuvę turi pervežti <strong>n</strong> dėžių prekių. Į mašiną telpa <strong>m</strong> dėžių prekių. Sukurkite programą, kuri apskaičiuotų ir kompiuterio ekrane parodytų, kiek kartų turės nuvažiuoti vairuotojas į sandėlį, kad pervežtų visas prekių dėžes į parduotuvę.</p><p><i>Pasitikrinkite</i>: jei <strong>n = 100</strong>, <strong>m = 14</strong>, tai pervežimų kiekis - <strong>8</strong>.&nbsp;</p>]]></description>
    <example><![CDATA[<p><strong>Įvestis</strong>:</p><p>Kiek reikia pervežti dėžių? 100</p><p>Kiek telpa dėžių į mašiną? 14</p><p><strong>Išvestis</strong>:</p><p>8</p>]]></example>
    <skeleton><![CDATA[# Toliau rašykite kodą...
]]></skeleton>
    <language>lt</language>
    <menu_position>top</menu_position>
    <author>Tomas Blažauskas</author>
    <score>60</score>
    <show_title>1</show_title>
    <show_description>1</show_description>
    <show_examples>1</show_examples>
    <show_icons>0</show_icons>
    <small_icons>0</small_icons>
    <show_tests>1</show_tests>
    <show_files>0</show_files>
    <files>
        
    </files>
    <button_new>0</button_new>
    <button_run>1</button_run>
    <button_assess>1</button_assess>
    <button_stop>1</button_stop>
    <button_clear>0</button_clear>
    <button_upload>0</button_upload>
    <button_download>0</button_download>
</task>