<?xml version="1.0" encoding="utf-8"?>
<task id="task_200565">
    <course>Pitono pamokėlės</course>
    <title>Programuotojai</title>
    <short>Programuotojai</short>
    <description><![CDATA[<p>Įvyko programuotojų olimpiada. Po jos teisėjas suvedė duomenis, kiek kiekvienas programuotojas išprendė uždavinių. Parenkite programą, kuri leistų įvesti kiek kiekvienas programuotojas išsprendė uždavinių ir apskaičiuotų, kiek iš viso uždavinių buvo išspręsta. Įvedimas nutraukiamas įvedus 0.</p>]]></description>
    <example><![CDATA[<p><strong>Įvestis</strong>:&nbsp;</p><p>Kiek išsprendė 1 programuotojas? 7<br>Kiek išsprendė 2 programuotojas? 6<br>Kiek išsprendė 3 programuotojas? 6</p><p><strong>Išvestis</strong>:</p><p>Olimpiadoje dalyvavo programuotojų: 3<br>Viso išspręsta uždavinių: 19</p>]]></example>
    <skeleton><![CDATA[# Toliau rašykite kodą...
]]></skeleton>
    <drops><![CDATA[]]></drops>
    <language>lt</language>
    <menu_position>top</menu_position>
    <author>Tomas Blažauskas</author>
    <score>60</score>
    <show_title>1</show_title>
    <show_description>1</show_description>
    <show_examples>1</show_examples>
    <show_icons>0</show_icons>
    <small_icons>0</small_icons>
    <use_drops>0</use_drops>
    <use_hints>0</use_hints>
    <use_ai>1</use_ai>
    <use_explanations>1</use_explanations>
    <use_corrections>1</use_corrections>
    <use_reviews>1</use_reviews>
    <hints>
        
    </hints>
    <show_tests>1</show_tests>
    <show_files>0</show_files>
    <files>
        
    </files>
    <button_new>0</button_new>
    <button_run>1</button_run>
    <button_assess>1</button_assess>
    <button_stop>1</button_stop>
    <button_clear>1</button_clear>
    <button_upload>0</button_upload>
    <button_download>0</button_download>
</task>