<?xml version="1.0" encoding="utf-8"?>
<task id="task_23743057">
    <course>Pitono pamokėlės 2</course>
    <title>Seka 153</title>
    <short>Seka 153</short>
    <description><![CDATA[<p>Pirmasis sekos narys – natūralusis skaičius, kuris dalosi iš <strong>3</strong>. Kiekvienas tolesnis sekos narys lygus prieš tai buvusio nario skaitmenų kubų sumai.</p><p>Įdomu tai, kad skaičius <strong>153</strong> būtinai yra tokios sekos narys. Ir visi tolimesni sekos nariai sutampa: 153 = 1<sup>3</sup> + 5<sup>3</sup> + 3<sup>3</sup>;</p><p><strong>Užduotis</strong>. Duotas pirmasis sekos narys. Nustatykite, kelintas sekos narys bus skaičius 153. Duomuo skaitomas iš failo <strong>Duomenys.txt</strong>. Rezultatas pateikiamas faile <strong>Rezultatai.txt</strong>.&nbsp;</p><p><strong>Pavyzdys</strong>. Jei pirmasis sekos narys lygus 33, tai seka bus tokia:</p><p>s<sub>1</sub> = 33;<br>s<sub>2</sub> = 54 = 3<sup>3</sup>+3<sup>3</sup>;<br>s<sub>3</sub> = 189 = 5<sup>3</sup>+4<sup>3</sup>;<br>s<sub>4</sub> = 1242 = 1<sup>3</sup>+8<sup>3</sup>+9<sup>3</sup>;<br>s<sub>5</sub> = 81 = 1<sup>3</sup>+2<sup>3</sup>+4<sup>3</sup>+2<sup>3</sup>;<br>s<sub>6</sub> = 513 = 8<sup>3</sup>+1<sup>3</sup>;<br>s<sub>7</sub> = 153 = 5<sup>3</sup>+1<sup>3</sup>+3<sup>3</sup>;</p><p>Taigi rezultatas turėtų būti lygus 7.&nbsp;</p><p><strong>Reikalavimai programai</strong></p><ul><li>Reikia sukurti funkciją, kuri apskaičiuotų skaičiaus skaitmenų, pakeltų kubu, sumą.</li></ul>]]></description>
    <example><![CDATA[<figure class="table"><table><tbody><tr><td><strong>Duomenys.txt &nbsp; &nbsp; &nbsp; &nbsp; &nbsp; &nbsp; &nbsp; &nbsp; &nbsp; &nbsp; &nbsp; &nbsp; &nbsp; &nbsp; &nbsp;</strong></td><td><strong>&nbsp;Rezultatai.txt &nbsp; &nbsp; &nbsp; &nbsp; &nbsp; &nbsp; &nbsp;&nbsp;</strong></td></tr><tr><td>33</td><td>7</td></tr></tbody></table></figure>]]></example>
    <skeleton><![CDATA[

]]></skeleton>
    <drops><![CDATA[]]></drops>
    <language>lt</language>
    <programming_language>python</programming_language>
    <menu_position>top</menu_position>
    <author>Tomas Blažauskas</author>
    <score>80</score>
    <show_title>1</show_title>
    <show_description>1</show_description>
    <show_examples>1</show_examples>
    <show_icons>0</show_icons>
    <small_icons>0</small_icons>
    <use_drops>0</use_drops>
    <use_hints>0</use_hints>
    <use_ai>1</use_ai>
    <use_explanations>1</use_explanations>
    <use_corrections>0</use_corrections>
    <use_reviews>0</use_reviews>
    <hints>
        
    </hints>
    <show_tests>1</show_tests>
    <show_files>1</show_files>
    <files>
        <file filename="Duomenys.txt"><![CDATA[33]]></file>

    </files>
    <button_new>0</button_new>
    <button_run>1</button_run>
    <button_assess>1</button_assess>
    <button_stop>1</button_stop>
    <button_clear>1</button_clear>
    <button_upload>0</button_upload>
    <button_download>0</button_download>
</task>