<?xml version="1.0" encoding="utf-8"?>
<task id="pitono_pamokeles_knygos_1">
    <course>Pitono pamokėlės</course>
    <title>Knygos</title>
    <short>Knygos</short>
    <description><![CDATA[<p>Parašykite programą, skaičiuojančią, kelias knygas vidutiniškai perskaito vienas skaitytojas, jei iš viso n skaitytojų perskaitė k knygų. Rezultatą pateikite trijų ženklų po kablelio tikslumu.&nbsp;</p><p><i>Pasitikrinkite</i>: kai <strong>n = 7</strong>, <strong>k = 50</strong>, tuomet atsakymas - <strong>7.143</strong>.</p>]]></description>
    <example><![CDATA[<p><strong>Įvestis</strong>:</p><p>Kiek žmonių skaitė knygas? 7</p><p>Kiek jie perskaitė knygų? 50</p><p><strong>Išvestis</strong>:</p><p>7.143</p>]]></example>
    <skeleton><![CDATA[# Toliau rašykite kodą...
]]></skeleton>
    <language>lt</language>
    <menu_position>top</menu_position>
    <author>Tomas Blažauskas</author>
    <score>60</score>
    <show_title>1</show_title>
    <show_description>1</show_description>
    <show_examples>1</show_examples>
    <show_icons>0</show_icons>
    <small_icons>0</small_icons>
    <show_tests>1</show_tests>
    <show_files>0</show_files>
    <files>
        
    </files>
    <button_new>0</button_new>
    <button_run>1</button_run>
    <button_assess>1</button_assess>
    <button_stop>1</button_stop>
    <button_clear>0</button_clear>
    <button_upload>0</button_upload>
    <button_download>0</button_download>
</task>