<?xml version="1.0" encoding="utf-8"?>
<task id="task_85188376">
    <course>Pitono pamokėlės 2</course>
    <title>Santaupos</title>
    <short>Santaupos</short>
    <description><![CDATA[<p>Draugai taupė mesdami į taupykles 1, 2 ir 5 euro centų monetas. Prieš pavasario atostogas draugai nusprendė iškeisti turimus pinigus į didesnės vertės monetas: 2 ir 1 euro, bei 50, 20 ir 10 euro centų. Jei keičiant pinigus liktų neiškeistų smulkių centų, juos paaukos beglobiams gyvūnams.</p><p>Pirmoje pradinių duomenų failo <strong>Duomenys.txt</strong> eilutėje įrašytas draugų skaičius <strong>n</strong>. Tolesnėse eilutėse įrašyta po 3 sveikuosius skaičius - vieno žmogaus turimų 1, 2 ir 5 centų vertės monetų kiekiai.</p><p>Rezultatų failo <strong>Rezultatai.txt</strong> faile turi būti išvardinta, kiek kokio nominalo monetų gaus kiekvienas draugas. Pradedant nuo 2 eurų nominalo, po to 1 euro nominalo, po to 50, 20 ir 10 eurocentų. Taip pat, išvedamos eilutės gale turi būti įrašyta - kokią pinigų sumą kiekvienas paaukos beglobiams gyvūnams.&nbsp;</p><p><strong>Reikalavimai programai</strong></p><ul><li>Reikia sukurti funkciją, kuri skaičiuotų norimo nominalo monetų kiekį.</li></ul>]]></description>
    <example><![CDATA[<figure class="table" style="width:100%;"><table class="ck-table-resized"><colgroup><col style="width:57.85%;"><col style="width:42.15%;"></colgroup><tbody><tr><td><strong>Duomenys.txt &nbsp; &nbsp; &nbsp; &nbsp; &nbsp; &nbsp; &nbsp; &nbsp; &nbsp; &nbsp; &nbsp; &nbsp; &nbsp; &nbsp; &nbsp;</strong></td><td><strong>&nbsp;Rezultatai.txt &nbsp; &nbsp; &nbsp; &nbsp; &nbsp; &nbsp; &nbsp;&nbsp;</strong></td></tr><tr><td>2<br>45 78 49<br>32 2 87&nbsp;</td><td>2 0 0 2 0 6<br>2 0 1 1 0 1&nbsp;</td></tr></tbody></table></figure>]]></example>
    <skeleton><![CDATA[

]]></skeleton>
    <drops><![CDATA[]]></drops>
    <language>lt</language>
    <programming_language>python</programming_language>
    <menu_position>top</menu_position>
    <author>Tomas Blažauskas</author>
    <score>80</score>
    <show_title>1</show_title>
    <show_description>1</show_description>
    <show_examples>1</show_examples>
    <show_icons>0</show_icons>
    <small_icons>0</small_icons>
    <use_drops>0</use_drops>
    <use_hints>0</use_hints>
    <use_ai>1</use_ai>
    <use_explanations>1</use_explanations>
    <use_corrections>0</use_corrections>
    <use_reviews>0</use_reviews>
    <hints>
        
    </hints>
    <show_tests>1</show_tests>
    <show_files>1</show_files>
    <files>
        <file filename="Duomenys.txt"><![CDATA[2
45 78 49
32 2 87]]></file>

    </files>
    <button_new>0</button_new>
    <button_run>1</button_run>
    <button_assess>1</button_assess>
    <button_stop>1</button_stop>
    <button_clear>1</button_clear>
    <button_upload>0</button_upload>
    <button_download>0</button_download>
</task>