<?xml version="1.0" encoding="utf-8"?>
<task id="pitono_pamokeles_vanduo_1">
    <course>Pitono pamokėlės</course>
    <title>Vandens saugykla</title>
    <short>Vandens saugykla</short>
    <description><![CDATA[<p>Vandens saugykloje yra <strong>v</strong> kubinių metrų vandens (realusis skaičius). Saugyklos vandenį vartoja <strong>n</strong> žmonių. Vienas žmogus per parą vidutiniškai sunaudoja tam tikrą kiekį kubinių metrų vandens (realusis skaičius).&nbsp;</p><p>Parašykite programą, kuri apskaičiuotų, kelioms paroms užteks saugykloje esančio vandens. Atsakymą suapvalinkite iki 2 skaičių po kablelio.</p><p><i>Pasitikrinkite</i>: kai <strong>v = 1001</strong>,<strong> n = 50</strong>, vidutinis sunaudojimas yra <strong>0.1</strong>, tai parų kiekis yra <strong>200.2</strong>.</p>]]></description>
    <example><![CDATA[<p><strong>Įvestis</strong>:</p><p>Kiek saugykloje yra vandens? 1001</p><p>Kiek žmonių vartoja vandenį? 50</p><p>Kiek vienas žmogus suvartoja vandens? 0.1</p><p><strong>Išvestis</strong>:</p><p>200.20</p>]]></example>
    <skeleton><![CDATA[# Toliau rašykite kodą...
]]></skeleton>
    <language>lt</language>
    <menu_position>top</menu_position>
    <author>Tomas Blažauskas</author>
    <score>60</score>
    <show_title>1</show_title>
    <show_description>1</show_description>
    <show_examples>1</show_examples>
    <show_icons>0</show_icons>
    <small_icons>0</small_icons>
    <show_tests>1</show_tests>
    <show_files>0</show_files>
    <files>
        
    </files>
    <button_new>0</button_new>
    <button_run>1</button_run>
    <button_assess>1</button_assess>
    <button_stop>1</button_stop>
    <button_clear>0</button_clear>
    <button_upload>0</button_upload>
    <button_download>0</button_download>
</task>