<?xml version="1.0" encoding="utf-8"?>
<task id="task_957907">
    <course>Pitono pamokėlės</course>
    <title>Koordinačių plokštuma</title>
    <short>Koordinačių plokštuma</short>
    <description><![CDATA[<p>Norime patikrinti, kuriame koordinačių plokštumos ketvirtyje (arba koordinačių ašyje) yra taškas (x, y). Parašykite programą šiam uždaviniui spręsti.&nbsp;</p><p>Pavyzdžiai:</p><figure class="table" style="width:29.66%;"><table class="ck-table-resized"><colgroup><col style="width:19.7%;"><col style="width:30.12%;"><col style="width:50.18%;"></colgroup><tbody><tr><td><strong>Testo nr.</strong></td><td><strong>Koordinatės</strong></td><td><strong>Rezultatas</strong></td></tr><tr><td>1</td><td>3 3</td><td>I ketvirtis</td></tr><tr><td>2</td><td>-3 3</td><td>II ketvirtis</td></tr><tr><td>3</td><td>-3 -3</td><td>III ketvirtis</td></tr><tr><td>4</td><td>3 -3</td><td>IV ketvirtis</td></tr><tr><td>5</td><td>3 0</td><td>X ašis</td></tr><tr><td>6</td><td>0 3</td><td>Y ašis</td></tr><tr><td>7</td><td>0 0</td><td>Koordinačių pradžia</td></tr></tbody></table></figure>]]></description>
    <example><![CDATA[<p><strong>Įvestis</strong>:</p><p>Įveskite koordinates: -3 -3</p><p><strong>Išvestis</strong>:</p><p>III ketvirtis</p>]]></example>
    <skeleton><![CDATA[# Įvedimas
x, y = map(int, input("Įveskite koordinates:").split())
# Toliau rašykite kodą...
]]></skeleton>
    <drops><![CDATA[]]></drops>
    <language>lt</language>
    <menu_position>top</menu_position>
    <author>Tomas Blažauskas</author>
    <score>60</score>
    <show_title>1</show_title>
    <show_description>1</show_description>
    <show_examples>1</show_examples>
    <show_icons>0</show_icons>
    <small_icons>0</small_icons>
    <use_drops>0</use_drops>
    <use_hints>0</use_hints>
    <use_ai>1</use_ai>
    <use_explanations>1</use_explanations>
    <use_corrections>0</use_corrections>
    <use_reviews>0</use_reviews>
    <hints>
        
    </hints>
    <show_tests>1</show_tests>
    <show_files>0</show_files>
    <files>
        
    </files>
    <button_new>0</button_new>
    <button_run>1</button_run>
    <button_assess>1</button_assess>
    <button_stop>1</button_stop>
    <button_clear>1</button_clear>
    <button_upload>0</button_upload>
    <button_download>0</button_download>
</task>