<?xml version="1.0" encoding="utf-8"?>
<task id="pitono_pamokeles_pazymiai_1">
    <course>Pitono pamokėlės</course>
    <title>Pažymių vidurkis</title>
    <short>Pažymių vidurkis</short>
    <description><![CDATA[<p>Parašykite programą, skaičiuojančią, koks yra Ričardo pažymių vidurkis, jei vaikinas per pusmetį gavo 5 pažymius. Apskaičiuotą vidurkį išveskite 2 ženklų po kablelio tikslumu.</p><p><i>Pasitikrinkite</i>: kai pažymiai yra <strong>7</strong>, <strong>5</strong>, <strong>10</strong>, <strong>8</strong>, <strong>6</strong>, tuomet vidurkis yra <strong>7.20</strong>.</p>]]></description>
    <example><![CDATA[<p><strong>Įvestis</strong>:</p><p>7</p><p>5</p><p>10</p><p>8</p><p>6</p><p><strong>Išvestis</strong>:</p><p>7.20</p>]]></example>
    <skeleton><![CDATA[# Toliau rašykite kodą...
]]></skeleton>
    <language>lt</language>
    <menu_position>top</menu_position>
    <author>Tomas Blažauskas</author>
    <score>60</score>
    <show_title>1</show_title>
    <show_description>1</show_description>
    <show_examples>1</show_examples>
    <show_icons>0</show_icons>
    <small_icons>0</small_icons>
    <show_tests>1</show_tests>
    <show_files>0</show_files>
    <files>
        
    </files>
    <button_new>0</button_new>
    <button_run>1</button_run>
    <button_assess>1</button_assess>
    <button_stop>1</button_stop>
    <button_clear>0</button_clear>
    <button_upload>0</button_upload>
    <button_download>0</button_download>
</task>