<?xml version="1.0" encoding="utf-8"?>
<task id="pitono_pamokeles_laikrodis_1">
    <course>Pitono pamokėlės</course>
    <title>Laikrodis</title>
    <short>Laikrodis</short>
    <description><![CDATA[<p>Laikrodis rodo <strong>x</strong> valandų ir <strong>y</strong> minučių. Parašykite programą, kuri apskaičiuotų, kiek minučių <strong>m</strong> ir kiek sekundžių <strong>s</strong> prabėgo nuo vidurnakčio. Pasitikrinkite. Įvedę x = <strong>3</strong> ir y = <strong>5</strong>, turėtumėte gauti 185 minutes ir 11100 sekundžių.</p>]]></description>
    <example><![CDATA[<p><strong>Įvestis</strong>:</p><p>3</p><p>5</p><p><strong>Išvestis</strong>:</p><p>185</p><p>11100</p>]]></example>
    <skeleton><![CDATA[# Toliau rašykite kodą...
]]></skeleton>
    <language>lt</language>
    <menu_position>top</menu_position>
    <author>Tomas Blažauskas</author>
    <score>60</score>
    <show_title>1</show_title>
    <show_description>1</show_description>
    <show_examples>1</show_examples>
    <show_icons>0</show_icons>
    <small_icons>0</small_icons>
    <show_tests>1</show_tests>
    <show_files>0</show_files>
    <files>
        
    </files>
    <button_new>0</button_new>
    <button_run>1</button_run>
    <button_assess>1</button_assess>
    <button_stop>1</button_stop>
    <button_clear>0</button_clear>
    <button_upload>0</button_upload>
    <button_download>0</button_download>
</task>