<?xml version="1.0" encoding="utf-8"?>
<task id="pitono_pamokeles_olimpiada_1">
    <course>Pitono pamokėlės</course>
    <title>Olimpiada</title>
    <short>Olimpiada</short>
    <description><![CDATA[<p>Miesto informatikos olimpiadoje dalyvavo devintokai. Mokytoja nupirko saldainių „Nomeda“ ir išdalijo mokiniams po lygiai. Saldainių neliko arba liko mažiau, negu yra mokinių. Po kiek saldainių gavo kiekvienas mokinys ir kiek saldainių liko mokytojai?</p>]]></description>
    <example><![CDATA[<p><strong>Įvestis</strong>:</p><p><strong>7</strong> (pirmas skaičius - devintokų kiekis)</p><p><strong>23</strong> (antras skaičius - saldainių kiekis)</p><p><strong>Išvestis</strong>:</p><p><strong>3</strong> (po kiek sadainių gavo mokinys)</p><p><strong>2</strong> (kiek mokytojai liko saldainių)</p>]]></example>
    <skeleton><![CDATA[# Toliau rašykite kodą...
]]></skeleton>
    <language>lt</language>
    <menu_position>top</menu_position>
    <author>Tomas Blažauskas</author>
    <score>60</score>
    <show_title>1</show_title>
    <show_description>1</show_description>
    <show_examples>1</show_examples>
    <show_icons>0</show_icons>
    <small_icons>0</small_icons>
    <show_tests>1</show_tests>
    <show_files>0</show_files>
    <files>
        
    </files>
    <button_new>0</button_new>
    <button_run>1</button_run>
    <button_assess>1</button_assess>
    <button_stop>1</button_stop>
    <button_clear>0</button_clear>
    <button_upload>0</button_upload>
    <button_download>0</button_download>
</task>