<?xml version="1.0" encoding="utf-8"?>
<task id="pitono_pamokeles_apsilgis_1">
    <course>Pitono pamokėlės</course>
    <title>Apskritimo ilgis</title>
    <short>Apskritimo ilgis </short>
    <description><![CDATA[<p>Parašykite programą, skaičiuojančią žinomo spindulio <strong>r</strong> (realusis skaičius) apskritimo ilgį <strong>c</strong>. <strong>π</strong> reikšmę aprašykite kaip konstantą. Laikykite, kad <strong>π</strong> = 3.141592. Rezultatą išveskite dviejų skaitmenų po kablelio tikslumu.&nbsp;</p><p><i>Pasitikrinkite</i>: kai <strong>r = 2.5</strong>, tuomet <strong>c = 15.71</strong>.</p>]]></description>
    <example><![CDATA[<p><strong>Įvestis</strong>:</p><p>Koks spindulys? 2.5</p><p><strong>Išvestis</strong>:</p><p>15.71</p>]]></example>
    <skeleton><![CDATA[# Toliau rašykite kodą...]]></skeleton>
    <language>lt</language>
    <menu_position>top</menu_position>
    <author>Tomas Blažauskas</author>
    <score>60</score>
    <show_title>1</show_title>
    <show_description>1</show_description>
    <show_examples>1</show_examples>
    <show_icons>0</show_icons>
    <small_icons>0</small_icons>
    <show_tests>1</show_tests>
    <show_files>0</show_files>
    <files>
        
    </files>
    <button_new>0</button_new>
    <button_run>1</button_run>
    <button_assess>1</button_assess>
    <button_stop>1</button_stop>
    <button_clear>0</button_clear>
    <button_upload>0</button_upload>
    <button_download>0</button_download>
</task>