<?xml version="1.0" encoding="utf-8"?>
<task id="11_skaiciu">
    <title>11 skaičių</title>
    <short>11 skaičių</short>
    <description><![CDATA[<p>Raskite mažiausią teigiamą skaičių&nbsp;<strong>k</strong>, kuriam galime parinkti lygiai<strong>&nbsp;11</strong>&nbsp;lyginių ir&nbsp;<strong>11</strong>&nbsp;nelyginių skaičių&nbsp;<strong>m</strong>&nbsp;tokių, kad i&scaron;rai&scaron;kos&nbsp;<strong>(m<sup>3</sup>+k)/(m+2)</strong>&nbsp;reik&scaron;mė būtų sveikasis skaičius.</p>]]>
    </description>
    <example><![CDATA[<p>Atsakymas - skaičius <strong>k</strong>.</p>]]>
    </example>
    <skeleton><![CDATA[# Toliau rašykite kodą...]]>
    </skeleton>
    <author>arzinai.lt</author>
    <score>100</score>
</task>