<?xml version="1.0" encoding="utf-8"?>
<task id="task_16315360">
    <course>Pitono pamokėlės 2</course>
    <title>Laimingi skaičiai</title>
    <short>Laimingi skaičiai</short>
    <description><![CDATA[<p>Natūralusis skaičius <strong>x</strong> laikomas laimingu, kai jį sudaro lyginis skaitmenų skaičius <strong>2k</strong> ir kurio pirmųjų <strong>k</strong> skaitmenų suma yra lygi paskutiniųjų <strong>k</strong> skaitmenų sumai. Parenkite programą, surandančią visus intervalo [<strong>m</strong>; <strong>n</strong>] laimingus skaičius. &nbsp;</p><p><i>Pradiniai duomenys</i> pateikiami tekstinio failo <strong>Duomenys.txt</strong> eilutėje, kurioje nurodytas intervalas.</p><p><i>Rezultatai</i> (laimingi skaičiai) įrašomi į tekstinį failą <strong>Rezultatai.txt</strong>.</p><p><strong>Reikalavimai programai</strong></p><ul><li>Reikia sukurti skaitmenų kiekio skaičiavimo funkciją.</li><li>Reikia sukurti skaitmenų sumos skaičiavimo funkciją</li></ul>]]></description>
    <example><![CDATA[<figure class="table"><table><tbody><tr><td><strong>Duomenys.txt &nbsp; &nbsp; &nbsp; &nbsp; &nbsp; &nbsp; &nbsp; &nbsp; &nbsp; &nbsp; &nbsp; &nbsp; &nbsp; &nbsp; &nbsp;</strong></td><td><strong>&nbsp;Rezultatai.txt &nbsp; &nbsp; &nbsp; &nbsp; &nbsp; &nbsp; &nbsp;&nbsp;</strong></td></tr><tr><td>1000 1100</td><td>1001<br>1010</td></tr><tr><td>100 1000</td><td>&nbsp;</td></tr></tbody></table></figure>]]></example>
    <skeleton><![CDATA[

]]></skeleton>
    <drops><![CDATA[]]></drops>
    <language>lt</language>
    <programming_language>python</programming_language>
    <menu_position>top</menu_position>
    <author>Tomas Blažauskas</author>
    <score>80</score>
    <show_title>1</show_title>
    <show_description>1</show_description>
    <show_examples>1</show_examples>
    <show_icons>0</show_icons>
    <small_icons>0</small_icons>
    <use_drops>0</use_drops>
    <use_hints>0</use_hints>
    <use_ai>1</use_ai>
    <use_explanations>1</use_explanations>
    <use_corrections>0</use_corrections>
    <use_reviews>0</use_reviews>
    <hints>
        
    </hints>
    <show_tests>1</show_tests>
    <show_files>1</show_files>
    <files>
        <file filename="Duomenys.txt"><![CDATA[1000 1100]]></file>

    </files>
    <button_new>0</button_new>
    <button_run>1</button_run>
    <button_assess>1</button_assess>
    <button_stop>1</button_stop>
    <button_clear>1</button_clear>
    <button_upload>0</button_upload>
    <button_download>0</button_download>
</task>