<?xml version="1.0" encoding="utf-8"?>
<task id="task_33751101">
    <course>Pitono pamokėlės 2</course>
    <title>Senas kalendorius</title>
    <short>Senas kalendorius</short>
    <description><![CDATA[<p>Metai yra keliamieji, jeigu jie dalūs iš 4 ir nesidalija iš 100, arba jeigu jie dalūs iš 400. Pavyzdžiui::</p><ul><li>2000 metai buvo keliamieji, nes jie dalūs iš 400;</li><li>2004 metai keliamieji, nes jie dalūs iš 4 ir nėra dalūs iš 100;</li><li>1900 metai nėra keliamieji, nes jie dalūs iš 100, bet ne iš 400.&nbsp;</li></ul><p>Turime seną kalendorių, kuris buvo išleistas tarp 1900 ir 2004 metų. Parašykite programą, kuri rastų artimiausius būsimus metus (t. y. pradedant 2005-aisiais), kuriems tinka turimas kalendorius.&nbsp;</p><p>Pradinių duomenų faile <strong>kalendorius_data.txt</strong> įrašyti du sveikieji skaičiai: metai, kuriems išleistas senasis kalendorius ir savaitės diena, kuria prasidėjo metai. Rezultatų faile <strong>kalendorius_res.txt</strong> turi būti įrašyti artimiausi būsimi metai, kuriems tinka turimas kalendorius.</p>]]></description>
    <example><![CDATA[<figure class="table" style="width:70%;"><table class="ck-table-resized"><colgroup><col style="width:47.99%;"><col style="width:52.01%;"></colgroup><tbody><tr><td><strong>kalendorius_data.txt&nbsp;</strong></td><td><strong>kalendorius_res.txt&nbsp;</strong></td></tr><tr><td>2002 2</td><td>2013</td></tr><tr><td>1975 2</td><td>1986</td></tr><tr><td>2016 1</td><td>2044</td></tr><tr><td>2000 1</td><td>2028</td></tr></tbody></table></figure>]]></example>
    <skeleton><![CDATA[# Toliau rašykite kodą...
]]></skeleton>
    <drops><![CDATA[]]></drops>
    <language>lt</language>
    <programming_language>python</programming_language>
    <menu_position>top</menu_position>
    <author>Tomas Blažauskas</author>
    <score>70</score>
    <show_title>1</show_title>
    <show_description>1</show_description>
    <show_examples>1</show_examples>
    <show_icons>0</show_icons>
    <small_icons>0</small_icons>
    <use_drops>0</use_drops>
    <use_hints>0</use_hints>
    <use_ai>1</use_ai>
    <use_explanations>1</use_explanations>
    <use_corrections>0</use_corrections>
    <use_reviews>0</use_reviews>
    <hints>
        
    </hints>
    <show_tests>1</show_tests>
    <show_files>1</show_files>
    <files>
        <file filename="kalendorius_data.txt"><![CDATA[2002 2]]></file>

    </files>
    <button_new>0</button_new>
    <button_run>1</button_run>
    <button_assess>1</button_assess>
    <button_stop>0</button_stop>
    <button_clear>1</button_clear>
    <button_upload>0</button_upload>
    <button_download>0</button_download>
</task>