<?xml version="1.0" encoding="utf-8"?>
<task id="task_75791053">
    <course>Pitono pamokėlės</course>
    <title>Kurmio sklypas</title>
    <short>Kurmio sklypas</short>
    <description><![CDATA[<p>Kurmis nusprendė apsitverti stačiakampio formos žemės sklypą, kuriame planuoja auginti javus. Sklypo ribas jis žymės kartimis, kurių ilgiai <strong>a</strong>, <strong>b</strong>, <strong>c</strong>, <strong>d</strong> yra sveikieji skaičiai.&nbsp;</p><p>Parašykite programą, kuri ekrane parodytų pranešimą „<strong>Kurmiui žemės sklypo ribas pažymėti pavyks</strong>“ arba „<strong>Kurmiui žemės sklypo ribų pažymėti nepavyks</strong>“.&nbsp;</p><p><i>Pasitikrinkite</i>:&nbsp;</p><ul><li>Kai a = 1, b = 3, c = 1, d = 3, tuomet ekrane turi būti rodomas pranešimas: Kurmiui žemės sklypo ribas pažymėti pavyks.&nbsp;</li><li>Kai a = 1, b = 3, c = 2, d = 4, tuomet ekrane turi būti rodomas pranešimas: Kurmiui žemės sklypo ribų pažymėti nepavyks.</li></ul>]]></description>
    <example><![CDATA[<p><strong>Įvestis</strong>:</p><p>Įveskite a: 1<br>Įveskite b: 3<br>Įveskite c: 1<br>Įveskite d: 3</p><p><strong>Išvestis</strong>:</p><p>Kurmiui žemės sklypo ribas pažymėti pavyks.</p>]]></example>
    <skeleton><![CDATA[# Toliau rašykite kodą...
]]></skeleton>
    <drops><![CDATA[]]></drops>
    <language>lt</language>
    <menu_position>top</menu_position>
    <author>Tomas Blažauskas</author>
    <score>60</score>
    <show_title>1</show_title>
    <show_description>1</show_description>
    <show_examples>1</show_examples>
    <show_icons>0</show_icons>
    <small_icons>0</small_icons>
    <use_drops>0</use_drops>
    <use_hints>0</use_hints>
    <use_ai>1</use_ai>
    <use_explanations>1</use_explanations>
    <use_corrections>0</use_corrections>
    <use_reviews>0</use_reviews>
    <hints>
        
    </hints>
    <show_tests>1</show_tests>
    <show_files>0</show_files>
    <files>
        
    </files>
    <button_new>0</button_new>
    <button_run>1</button_run>
    <button_assess>1</button_assess>
    <button_stop>1</button_stop>
    <button_clear>1</button_clear>
    <button_upload>0</button_upload>
    <button_download>0</button_download>
</task>