<?xml version="1.0" encoding="utf-8"?>
<task id="velniskos_sunybes">
    <title>Velniškos smagybės</title>
    <short>Velniškos smagybės</short>
    <description><![CDATA[<p>Kartą jaunėlis pradėjo suskaičiuoti &scaron;ėtoni&scaron;ką skaičių pakeltą velni&scaron;kai dideliu laipsniu:<strong>&nbsp;666<sup>999</sup></strong>. Čia priėjo vyresnysis broliukas ir tarė:</p>
<p><em>- Nevark... &Scaron;is skaičius turi net <strong>???</strong> </em><em>skaitmenis. Visą pragarą mums skaičiais pripeckiosi!</em></p>
<p>Jaunėlis atsiduso:</p>
<p><em>- Ech...&nbsp;<strong>6</strong>&nbsp;dienos triūso...</em></p>
<p>Ir nurūko krėsti kitokių &scaron;unybių...</p>]]>
    </description>
    <example><![CDATA[<p>Atsakymas - gauto rezultato skaitmenų kiekis (vienas skaičius).</p>]]>
    </example>
    <skeleton><![CDATA[# Toliau rašykite kodą...]]>
    </skeleton>
    <author>arzinai.lt</author>
    <score>100</score>
</task>