<?xml version="1.0" encoding="utf-8"?>
<task id="task_13330381">
    <course>Pitono pamokėlės</course>
    <title>Dovana</title>
    <short>Dovana</short>
    <description><![CDATA[<p>Kęstutis ruošiasi į Justo gimtadienį. Justas labai mėgsta žaisti futbolą, todėl Kęstutis nupirko futbolo kamuolį, kurio skersmuo <strong>d</strong> centimetrų ir nusprendė jį įdėti į gražią stačiakampio gretasienio formos dėžutę, kurios aukštis yra <strong>a</strong>, ilgis – <strong>b</strong>, o plotis – <strong>c</strong> centimetrų. Parašykite programą, kuri ekrane parodytų pranešimą „<strong>Kamuolys tilps į dėžutę</strong>“, jei kamuolys į dėžutę tilps, arba „<strong>Kamuolys į dėžutę netilps</strong>“, jei kamuolys į dėžutę netilps. Duomenys sveikieji skaičiai.&nbsp;</p><p><i>Pasitikrinkite</i>:&nbsp;</p><p>Kai <strong>a = 10</strong>, <strong>b = 30</strong>, <strong>c = 100</strong>, <strong>d = 70</strong>, tuomet ekrane turi būti rodomas pranešimas: <strong>Kamuolys į dėžutę netilps</strong>.</p><p>Kai <strong>a = 100</strong>, <strong>b = 75</strong>, <strong>c = 80</strong>, <strong>d = 70</strong>, tuomet ekrane turi būti rodomas pranešimas: <strong>Kamuolys tilps į dėžutę</strong>.</p>]]></description>
    <example><![CDATA[<p><strong>Įvestis</strong>:</p><p>Koks dėžutės aukštis? 10<br>Koks dėžutės ilgis? 30<br>Koks dėžutės plotis? 100<br>Koks kamuolio skersmuo? 70</p><p><strong>Išvestis</strong>:</p><p>Kamuolys į dėžutę netilps</p>]]></example>
    <skeleton><![CDATA[# Toliau rašykite kodą...
]]></skeleton>
    <drops><![CDATA[]]></drops>
    <language>lt</language>
    <menu_position>top</menu_position>
    <author>Tomas Blažauskas</author>
    <score>60</score>
    <show_title>1</show_title>
    <show_description>1</show_description>
    <show_examples>1</show_examples>
    <show_icons>0</show_icons>
    <small_icons>0</small_icons>
    <use_drops>0</use_drops>
    <use_hints>0</use_hints>
    <use_ai>1</use_ai>
    <use_explanations>1</use_explanations>
    <use_corrections>0</use_corrections>
    <use_reviews>0</use_reviews>
    <hints>
        
    </hints>
    <show_tests>1</show_tests>
    <show_files>0</show_files>
    <files>
        
    </files>
    <button_new>0</button_new>
    <button_run>1</button_run>
    <button_assess>1</button_assess>
    <button_stop>1</button_stop>
    <button_clear>1</button_clear>
    <button_upload>0</button_upload>
    <button_download>0</button_download>
</task>