<?xml version="1.0" encoding="UTF-8"?>
<lom xmlns="http://ltsc.ieee.org/xsd/LOM" xmlns:xsi="http://www.w3.org/2001/XMLSchema-instance" xsi:schemaLocation="http://ltsc.ieee.org/xsd/LOM lomCustom.xsd">
	<general uniqueElementName="general">
		<identifier>
			<catalog uniqueElementName="catalog">Pitono pamokėlės 2</catalog>
			<entry uniqueElementName="entry">4a7d755e-34a5-410a-a7d4</entry>
		</identifier>
		<title>
			<string language="en">Slidinėjimas</string>
		</title>
		<language>en</language>
		<description>
			<string language="en"><p>Justas labai mėgsta slidinėti. Šį žiemos sezoną jis nusprendė atnaujinti savo slidinėjimo įrangą – nusipirkti naujas slides ir batus. Apsilankęs parduotuvėje jis pamatė, kad slidės ir batai pardavinėjami komplektais. Justas nori sumokėti ne mažiau nei <strong>min </strong>bet ne daugiau nei <strong>max </strong>eurų, kad nusipirktų kokybišką, bet nebrangų komplektą. Parduotuvė parduoda <strong>n (n&lt;=50)</strong> skirtingų komplektų.</p><p>Sukurkite programą, kuri parodytų:</p><ul><li>Pigiausio ir brangiausio komplektų kainas, atitinkančias norimą sumą.</li><li>Komplektų, kainuojančių norimą sumą, kiekį.</li><li>Visų Justui tinkančių komplektų kainas.</li></ul><p>Pradiniai duomenys: <strong>mažiausia išleidžiama pinigų suma</strong> <strong>min</strong>, <strong>didžiausia išleidžiama pinigų max</strong>, <strong>komplektų kiekis parduotuvėje n</strong>, įrašyti tekstiniame faile <strong>Duomenys.txt</strong> vienoje eilutėje ir atskiriami tarpais. Kitose eilutėse įrašomos ir tarpu atskiriamos vieno komplekto slidžių ir batų kainos.&nbsp;</p><p>Rezultatai yra saugomi tekstiniame faile <strong>Rezultatai.txt</strong>. Į pirmą eilutę įrašomos ir tarpu atskiriamos <strong>mažiausia </strong>ir <strong>didžiausia </strong>tinkamų komplektų kainos. Antroje eilutėje – tinkamų komplektų kiekis. Trečioje eilutėje atskiriamos tarpu ir įrašomos visos tinkamų komplektų kainos.&nbsp;</p><p><strong>Reikalavimai programai</strong></p><ul><li>Naudokite sąrašus/masyvus.</li><li>Naudokite funkcijas programos struktūrizavimui.</li></ul></string>
		</description>
		<aggregationLevel uniqueElementName="aggregationLevel">
			<source uniqueElementName="source">LOM-ESv1.0</source>
			<value uniqueElementName="value">2</value>
		</aggregationLevel>
	</general>
	<lifeCycle>
		<contribute>
			<role uniqueElementName="role">
				<source uniqueElementName="source">LOM-ESv1.0</source>
				<value uniqueElementName="value">author</value>
			</role>
			<entity>BEGIN:VCARD VERSION:3.0 FN:Tomas Blažauskas EMAIL;TYPE=INTERNET: ORG: END:VCARD</entity>
			<date>
				<dateTime uniqueElementName="dateTime">2021-01-07T16:49:22.00+02:00</dateTime>
				<description>
					<string language="lt">Metadata creation date</string>
				</description>
			</date>
		</contribute>
	</lifeCycle>
	<metaMetadata uniqueElementName="metaMetadata">
		<contribute>
			<role uniqueElementName="role">
				<source uniqueElementName="source">LOM-ESv1.0</source>
				<value uniqueElementName="value">creator</value>
			</role>
			<entity>BEGIN:VCARD VERSION:3.0 FN:Tomas Blažauskas EMAIL;TYPE=INTERNET: ORG: END:VCARD</entity>
			<date>
				<dateTime uniqueElementName="dateTime">2021-01-07T16:48:12.00+02:00</dateTime>
				<description>
					<string language="en">Metadata creation date</string>
				</description>
			</date>
		</contribute>
		<metadataSchema>LOM-ESv1.0</metadataSchema>
		<language>en</language>
	</metaMetadata>
	<technical uniqueElementName="technical">
		<otherPlatformRequirements>
			<string language="en">editor: hands</string>
		</otherPlatformRequirements>
	</technical>
	<educational>
		<intendedEndUserRole>
			<source uniqueElementName="source">LOM-ESv1.0</source>
			<value uniqueElementName="value">learner</value>
		</intendedEndUserRole>
		<context>
			<source uniqueElementName="source">LOM-ESv1.0</source>
			<value uniqueElementName="value">presencial</value>
		</context>
		<context>
			<source uniqueElementName="source">LOM-ESv1.0</source>
			<value uniqueElementName="value">classroom</value>
		</context>
		<language>en</language>
	</educational>
	<rights uniqueElementName="rights">
		<copyrightAndOtherRestrictions uniqueElementName="copyrightAndOtherRestrictions">
			<source uniqueElementName="source">LOM-ESv1.0</source>
			<value uniqueElementName="value">public domain</value>
		</copyrightAndOtherRestrictions>
		<access uniqueElementName="access">
			<accessType uniqueElementName="accessType">
				<source uniqueElementName="source">LOM-ESv1.0</source>
				<value uniqueElementName="value">universal</value>
			</accessType>
			<description>
				<string language="lt">Default</string>
			</description>
		</access>
	</rights>
</lom>